model_id,model_name,organization,release_date,benchmark,benchmark_type,score,max_score,score_pct
M001,GPT-3 (175B),OpenAI,2020-06-11,MMLU,knowledge,32.83,100,32.83
M001,GPT-3 (175B),OpenAI,2020-06-11,HellaSwag,commonsense,55.08,100,55.08
M001,GPT-3 (175B),OpenAI,2020-06-11,ARC-Challenge,reasoning,49.43,100,49.43
M002,T5-XXL,Google,2020-02-24,MMLU,knowledge,24.38,100,24.38
M002,T5-XXL,Google,2020-02-24,HellaSwag,commonsense,49.3,100,49.3
M002,T5-XXL,Google,2020-02-24,ARC-Challenge,reasoning,47.24,100,47.24
M003,Turing-NLG,Microsoft,2020-02-13,MMLU,knowledge,30.64,100,30.64
M003,Turing-NLG,Microsoft,2020-02-13,HellaSwag,commonsense,52.13,100,52.13
M003,Turing-NLG,Microsoft,2020-02-13,ARC-Challenge,reasoning,52.07,100,52.07
M004,GShard,Google,2020-06-30,MMLU,knowledge,35.61,100,35.61
M004,GShard,Google,2020-06-30,HellaSwag,commonsense,54.48,100,54.48
M004,GShard,Google,2020-06-30,ARC-Challenge,reasoning,51.88,100,51.88
M005,CTRL,Salesforce,2020-09-11,MMLU,knowledge,38.09,100,38.09
M005,CTRL,Salesforce,2020-09-11,HellaSwag,commonsense,76.22,100,76.22
M005,CTRL,Salesforce,2020-09-11,ARC-Challenge,reasoning,63.01,100,63.01
M006,BlenderBot,Meta,2020-04-30,MMLU,knowledge,24.07,100,24.07
M006,BlenderBot,Meta,2020-04-30,HellaSwag,commonsense,49.88,100,49.88
M006,BlenderBot,Meta,2020-04-30,ARC-Challenge,reasoning,46.41,100,46.41
M007,Switch Transformer,Google,2021-01-11,MMLU,knowledge,64.46,100,64.46
M007,Switch Transformer,Google,2021-01-11,HumanEval,coding,28.12,100,28.12
M007,Switch Transformer,Google,2021-01-11,GSM8K,math_grade,20.04,100,20.04
M007,Switch Transformer,Google,2021-01-11,MATH,math_competition,7.92,100,7.92
M007,Switch Transformer,Google,2021-01-11,HellaSwag,commonsense,87.7,100,87.7
M007,Switch Transformer,Google,2021-01-11,ARC-Challenge,reasoning,67.0,100,67.0
M008,Codex,OpenAI,2021-08-10,MMLU,knowledge,53.1,100,53.1
M008,Codex,OpenAI,2021-08-10,HumanEval,coding,46.31,100,46.31
M008,Codex,OpenAI,2021-08-10,GSM8K,math_grade,34.76,100,34.76
M008,Codex,OpenAI,2021-08-10,MATH,math_competition,3.25,100,3.25
M008,Codex,OpenAI,2021-08-10,HellaSwag,commonsense,80.72,100,80.72
M008,Codex,OpenAI,2021-08-10,ARC-Challenge,reasoning,61.03,100,61.03
M009,Jurassic-1 Jumbo,AI21,2021-08-11,MMLU,knowledge,56.26,100,56.26
M009,Jurassic-1 Jumbo,AI21,2021-08-11,HumanEval,coding,41.6,100,41.6
M009,Jurassic-1 Jumbo,AI21,2021-08-11,GSM8K,math_grade,32.28,100,32.28
M009,Jurassic-1 Jumbo,AI21,2021-08-11,MATH,math_competition,8.49,100,8.49
M009,Jurassic-1 Jumbo,AI21,2021-08-11,HellaSwag,commonsense,87.97,100,87.97
M009,Jurassic-1 Jumbo,AI21,2021-08-11,ARC-Challenge,reasoning,63.93,100,63.93
M010,Megatron-Turing NLG,Microsoft+NVIDIA,2021-10-11,MMLU,knowledge,63.83,100,63.83
M010,Megatron-Turing NLG,Microsoft+NVIDIA,2021-10-11,HumanEval,coding,36.27,100,36.27
M010,Megatron-Turing NLG,Microsoft+NVIDIA,2021-10-11,GSM8K,math_grade,34.38,100,34.38
M010,Megatron-Turing NLG,Microsoft+NVIDIA,2021-10-11,MATH,math_competition,6.2,100,6.2
M010,Megatron-Turing NLG,Microsoft+NVIDIA,2021-10-11,HellaSwag,commonsense,85.41,100,85.41
M010,Megatron-Turing NLG,Microsoft+NVIDIA,2021-10-11,ARC-Challenge,reasoning,67.52,100,67.52
M011,Gopher,DeepMind,2021-12-08,MMLU,knowledge,55.05,100,55.05
M011,Gopher,DeepMind,2021-12-08,HumanEval,coding,41.74,100,41.74
M011,Gopher,DeepMind,2021-12-08,GSM8K,math_grade,35.71,100,35.71
M011,Gopher,DeepMind,2021-12-08,MATH,math_competition,7.62,100,7.62
M011,Gopher,DeepMind,2021-12-08,HellaSwag,commonsense,82.78,100,82.78
M011,Gopher,DeepMind,2021-12-08,ARC-Challenge,reasoning,65.22,100,65.22
M012,GLaM,Google,2021-12-09,MMLU,knowledge,61.41,100,61.41
M012,GLaM,Google,2021-12-09,HumanEval,coding,40.93,100,40.93
M012,GLaM,Google,2021-12-09,GSM8K,math_grade,35.07,100,35.07
M012,GLaM,Google,2021-12-09,MATH,math_competition,16.41,100,16.41
M012,GLaM,Google,2021-12-09,HellaSwag,commonsense,86.14,100,86.14
M012,GLaM,Google,2021-12-09,ARC-Challenge,reasoning,61.93,100,61.93
M013,WuDao 2.0,BAAI,2021-06-01,MMLU,knowledge,63.54,100,63.54
M013,WuDao 2.0,BAAI,2021-06-01,HumanEval,coding,30.88,100,30.88
M013,WuDao 2.0,BAAI,2021-06-01,GSM8K,math_grade,24.08,100,24.08
M013,WuDao 2.0,BAAI,2021-06-01,MATH,math_competition,9.34,100,9.34
M013,WuDao 2.0,BAAI,2021-06-01,HellaSwag,commonsense,87.58,100,87.58
M013,WuDao 2.0,BAAI,2021-06-01,ARC-Challenge,reasoning,69.39,100,69.39
M014,ERNIE 3.0,Baidu,2021-07-05,MMLU,knowledge,49.43,100,49.43
M014,ERNIE 3.0,Baidu,2021-07-05,HumanEval,coding,37.44,100,37.44
M014,ERNIE 3.0,Baidu,2021-07-05,GSM8K,math_grade,32.22,100,32.22
M014,ERNIE 3.0,Baidu,2021-07-05,MATH,math_competition,8.44,100,8.44
M014,ERNIE 3.0,Baidu,2021-07-05,HellaSwag,commonsense,80.75,100,80.75
M014,ERNIE 3.0,Baidu,2021-07-05,ARC-Challenge,reasoning,66.91,100,66.91
M015,HyperCLOVA,Naver,2021-05-25,MMLU,knowledge,58.88,100,58.88
M015,HyperCLOVA,Naver,2021-05-25,HumanEval,coding,24.12,100,24.12
M015,HyperCLOVA,Naver,2021-05-25,GSM8K,math_grade,16.95,100,16.95
M015,HyperCLOVA,Naver,2021-05-25,MATH,math_competition,7.25,100,7.25
M015,HyperCLOVA,Naver,2021-05-25,HellaSwag,commonsense,87.14,100,87.14
M015,HyperCLOVA,Naver,2021-05-25,ARC-Challenge,reasoning,70.99,100,70.99
M016,GPT-3.5 (text-davinci-002),OpenAI,2022-03-15,MMLU,knowledge,77.96,100,77.96
M016,GPT-3.5 (text-davinci-002),OpenAI,2022-03-15,HumanEval,coding,61.66,100,61.66
M016,GPT-3.5 (text-davinci-002),OpenAI,2022-03-15,GSM8K,math_grade,52.03,100,52.03
M016,GPT-3.5 (text-davinci-002),OpenAI,2022-03-15,MATH,math_competition,13.47,100,13.47
M016,GPT-3.5 (text-davinci-002),OpenAI,2022-03-15,HellaSwag,commonsense,89.9,100,89.9
M016,GPT-3.5 (text-davinci-002),OpenAI,2022-03-15,ARC-Challenge,reasoning,77.56,100,77.56
M016,GPT-3.5 (text-davinci-002),OpenAI,2022-03-15,TruthfulQA,truthfulness,27.92,100,27.92
M017,InstructGPT,OpenAI,2022-01-27,MMLU,knowledge,67.38,100,67.38
M017,InstructGPT,OpenAI,2022-01-27,HumanEval,coding,59.44,100,59.44
M017,InstructGPT,OpenAI,2022-01-27,GSM8K,math_grade,58.2,100,58.2
M017,InstructGPT,OpenAI,2022-01-27,MATH,math_competition,22.63,100,22.63
M017,InstructGPT,OpenAI,2022-01-27,HellaSwag,commonsense,89.05,100,89.05
M017,InstructGPT,OpenAI,2022-01-27,ARC-Challenge,reasoning,76.89,100,76.89
M017,InstructGPT,OpenAI,2022-01-27,TruthfulQA,truthfulness,21.63,100,21.63
M018,Chinchilla,DeepMind,2022-03-29,MMLU,knowledge,65.77,100,65.77
M018,Chinchilla,DeepMind,2022-03-29,HumanEval,coding,59.78,100,59.78
M018,Chinchilla,DeepMind,2022-03-29,GSM8K,math_grade,60.3,100,60.3
M018,Chinchilla,DeepMind,2022-03-29,MATH,math_competition,22.52,100,22.52
M018,Chinchilla,DeepMind,2022-03-29,HellaSwag,commonsense,90.73,100,90.73
M018,Chinchilla,DeepMind,2022-03-29,ARC-Challenge,reasoning,78.5,100,78.5
M018,Chinchilla,DeepMind,2022-03-29,TruthfulQA,truthfulness,24.08,100,24.08
M019,PaLM,Google,2022-04-04,MMLU,knowledge,68.77,100,68.77
M019,PaLM,Google,2022-04-04,HumanEval,coding,57.1,100,57.1
M019,PaLM,Google,2022-04-04,GSM8K,math_grade,61.39,100,61.39
M019,PaLM,Google,2022-04-04,MATH,math_competition,18.71,100,18.71
M019,PaLM,Google,2022-04-04,HellaSwag,commonsense,91.78,100,91.78
M019,PaLM,Google,2022-04-04,ARC-Challenge,reasoning,77.29,100,77.29
M019,PaLM,Google,2022-04-04,TruthfulQA,truthfulness,34.66,100,34.66
M020,OPT-175B,Meta,2022-05-03,MMLU,knowledge,70.37,100,70.37
M020,OPT-175B,Meta,2022-05-03,HumanEval,coding,59.37,100,59.37
M020,OPT-175B,Meta,2022-05-03,GSM8K,math_grade,54.88,100,54.88
M020,OPT-175B,Meta,2022-05-03,MATH,math_competition,19.38,100,19.38
M020,OPT-175B,Meta,2022-05-03,HellaSwag,commonsense,90.26,100,90.26
M020,OPT-175B,Meta,2022-05-03,ARC-Challenge,reasoning,78.64,100,78.64
M020,OPT-175B,Meta,2022-05-03,TruthfulQA,truthfulness,23.87,100,23.87
M021,BLOOM,BigScience,2022-07-11,MMLU,knowledge,65.39,100,65.39
M021,BLOOM,BigScience,2022-07-11,HumanEval,coding,60.69,100,60.69
M021,BLOOM,BigScience,2022-07-11,GSM8K,math_grade,59.74,100,59.74
M021,BLOOM,BigScience,2022-07-11,MATH,math_competition,22.64,100,22.64
M021,BLOOM,BigScience,2022-07-11,HellaSwag,commonsense,89.13,100,89.13
M021,BLOOM,BigScience,2022-07-11,ARC-Challenge,reasoning,80.86,100,80.86
M021,BLOOM,BigScience,2022-07-11,TruthfulQA,truthfulness,51.53,100,51.53
M021,BLOOM,BigScience,2022-07-11,BBH,reasoning_hard,50.66,100,50.66
M022,Galactica,Meta,2022-11-15,MMLU,knowledge,67.16,100,67.16
M022,Galactica,Meta,2022-11-15,HumanEval,coding,64.43,100,64.43
M022,Galactica,Meta,2022-11-15,GSM8K,math_grade,56.29,100,56.29
M022,Galactica,Meta,2022-11-15,MATH,math_competition,28.14,100,28.14
M022,Galactica,Meta,2022-11-15,HellaSwag,commonsense,89.49,100,89.49
M022,Galactica,Meta,2022-11-15,ARC-Challenge,reasoning,76.33,100,76.33
M022,Galactica,Meta,2022-11-15,TruthfulQA,truthfulness,38.16,100,38.16
M022,Galactica,Meta,2022-11-15,BBH,reasoning_hard,54.95,100,54.95
M023,ChatGPT (GPT-3.5),OpenAI,2022-11-30,MMLU,knowledge,74.39,100,74.39
M023,ChatGPT (GPT-3.5),OpenAI,2022-11-30,HumanEval,coding,59.28,100,59.28
M023,ChatGPT (GPT-3.5),OpenAI,2022-11-30,GSM8K,math_grade,53.85,100,53.85
M023,ChatGPT (GPT-3.5),OpenAI,2022-11-30,MATH,math_competition,27.85,100,27.85
M023,ChatGPT (GPT-3.5),OpenAI,2022-11-30,HellaSwag,commonsense,87.15,100,87.15
M023,ChatGPT (GPT-3.5),OpenAI,2022-11-30,ARC-Challenge,reasoning,77.32,100,77.32
M023,ChatGPT (GPT-3.5),OpenAI,2022-11-30,TruthfulQA,truthfulness,48.22,100,48.22
M023,ChatGPT (GPT-3.5),OpenAI,2022-11-30,BBH,reasoning_hard,48.82,100,48.82
M024,Sparrow,DeepMind,2022-09-22,MMLU,knowledge,67.21,100,67.21
M024,Sparrow,DeepMind,2022-09-22,HumanEval,coding,59.35,100,59.35
M024,Sparrow,DeepMind,2022-09-22,GSM8K,math_grade,56.01,100,56.01
M024,Sparrow,DeepMind,2022-09-22,MATH,math_competition,27.63,100,27.63
M024,Sparrow,DeepMind,2022-09-22,HellaSwag,commonsense,88.95,100,88.95
M024,Sparrow,DeepMind,2022-09-22,ARC-Challenge,reasoning,81.93,100,81.93
M024,Sparrow,DeepMind,2022-09-22,TruthfulQA,truthfulness,34.75,100,34.75
M024,Sparrow,DeepMind,2022-09-22,BBH,reasoning_hard,49.85,100,49.85
M025,Flan-T5,Google,2022-10-20,MMLU,knowledge,60.68,100,60.68
M025,Flan-T5,Google,2022-10-20,HumanEval,coding,55.12,100,55.12
M025,Flan-T5,Google,2022-10-20,GSM8K,math_grade,52.37,100,52.37
M025,Flan-T5,Google,2022-10-20,MATH,math_competition,20.66,100,20.66
M025,Flan-T5,Google,2022-10-20,HellaSwag,commonsense,89.39,100,89.39
M025,Flan-T5,Google,2022-10-20,ARC-Challenge,reasoning,76.02,100,76.02
M025,Flan-T5,Google,2022-10-20,TruthfulQA,truthfulness,45.15,100,45.15
M025,Flan-T5,Google,2022-10-20,BBH,reasoning_hard,48.55,100,48.55
M026,YaLM 100B,Yandex,2022-06-23,MMLU,knowledge,67.02,100,67.02
M026,YaLM 100B,Yandex,2022-06-23,HumanEval,coding,64.01,100,64.01
M026,YaLM 100B,Yandex,2022-06-23,GSM8K,math_grade,56.61,100,56.61
M026,YaLM 100B,Yandex,2022-06-23,MATH,math_competition,27.35,100,27.35
M026,YaLM 100B,Yandex,2022-06-23,HellaSwag,commonsense,88.69,100,88.69
M026,YaLM 100B,Yandex,2022-06-23,ARC-Challenge,reasoning,77.91,100,77.91
M026,YaLM 100B,Yandex,2022-06-23,TruthfulQA,truthfulness,28.88,100,28.88
M027,LLaMA (65B),Meta,2023-02-24,MMLU,knowledge,82.79,100,82.79
M027,LLaMA (65B),Meta,2023-02-24,HumanEval,coding,78.71,100,78.71
M027,LLaMA (65B),Meta,2023-02-24,GSM8K,math_grade,76.75,100,76.75
M027,LLaMA (65B),Meta,2023-02-24,MATH,math_competition,45.36,100,45.36
M027,LLaMA (65B),Meta,2023-02-24,HellaSwag,commonsense,94.18,100,94.18
M027,LLaMA (65B),Meta,2023-02-24,ARC-Challenge,reasoning,95.55,100,95.55
M027,LLaMA (65B),Meta,2023-02-24,TruthfulQA,truthfulness,64.38,100,64.38
M027,LLaMA (65B),Meta,2023-02-24,BBH,reasoning_hard,67.44,100,67.44
M028,GPT-4,OpenAI,2023-03-14,MMLU,knowledge,87.14,100,87.14
M028,GPT-4,OpenAI,2023-03-14,HumanEval,coding,72.15,100,72.15
M028,GPT-4,OpenAI,2023-03-14,GSM8K,math_grade,78.23,100,78.23
M028,GPT-4,OpenAI,2023-03-14,MATH,math_competition,46.26,100,46.26
M028,GPT-4,OpenAI,2023-03-14,HellaSwag,commonsense,98.0,100,98.0
M028,GPT-4,OpenAI,2023-03-14,ARC-Challenge,reasoning,85.81,100,85.81
M028,GPT-4,OpenAI,2023-03-14,TruthfulQA,truthfulness,51.73,100,51.73
M028,GPT-4,OpenAI,2023-03-14,BBH,reasoning_hard,63.56,100,63.56
M028,GPT-4,OpenAI,2023-03-14,Chatbot Arena ELO,human_eval,1063.8,1500,70.92
M029,Claude 1,Anthropic,2023-03-14,MMLU,knowledge,80.5,100,80.5
M029,Claude 1,Anthropic,2023-03-14,HumanEval,coding,75.88,100,75.88
M029,Claude 1,Anthropic,2023-03-14,GSM8K,math_grade,77.37,100,77.37
M029,Claude 1,Anthropic,2023-03-14,MATH,math_competition,44.62,100,44.62
M029,Claude 1,Anthropic,2023-03-14,HellaSwag,commonsense,90.69,100,90.69
M029,Claude 1,Anthropic,2023-03-14,ARC-Challenge,reasoning,83.6,100,83.6
M029,Claude 1,Anthropic,2023-03-14,TruthfulQA,truthfulness,65.65,100,65.65
M029,Claude 1,Anthropic,2023-03-14,BBH,reasoning_hard,66.14,100,66.14
M029,Claude 1,Anthropic,2023-03-14,Chatbot Arena ELO,human_eval,1019.15,1500,67.94
M030,PaLM 2,Google,2023-05-10,MMLU,knowledge,91.17,100,91.17
M030,PaLM 2,Google,2023-05-10,HumanEval,coding,89.62,100,89.62
M030,PaLM 2,Google,2023-05-10,GSM8K,math_grade,76.49,100,76.49
M030,PaLM 2,Google,2023-05-10,MATH,math_competition,43.53,100,43.53
M030,PaLM 2,Google,2023-05-10,HellaSwag,commonsense,95.48,100,95.48
M030,PaLM 2,Google,2023-05-10,ARC-Challenge,reasoning,93.19,100,93.19
M030,PaLM 2,Google,2023-05-10,TruthfulQA,truthfulness,50.07,100,50.07
M030,PaLM 2,Google,2023-05-10,BBH,reasoning_hard,69.26,100,69.26
M030,PaLM 2,Google,2023-05-10,Chatbot Arena ELO,human_eval,1081.29,1500,72.09
M031,Falcon-40B,TII,2023-05-25,MMLU,knowledge,82.31,100,82.31
M031,Falcon-40B,TII,2023-05-25,HumanEval,coding,76.5,100,76.5
M031,Falcon-40B,TII,2023-05-25,GSM8K,math_grade,79.6,100,79.6
M031,Falcon-40B,TII,2023-05-25,MATH,math_competition,39.5,100,39.5
M031,Falcon-40B,TII,2023-05-25,HellaSwag,commonsense,92.93,100,92.93
M031,Falcon-40B,TII,2023-05-25,ARC-Challenge,reasoning,87.2,100,87.2
M031,Falcon-40B,TII,2023-05-25,TruthfulQA,truthfulness,56.16,100,56.16
M031,Falcon-40B,TII,2023-05-25,BBH,reasoning_hard,68.33,100,68.33
M032,Vicuna-13B,LMSYS,2023-03-30,MMLU,knowledge,79.98,100,79.98
M032,Vicuna-13B,LMSYS,2023-03-30,HumanEval,coding,82.05,100,82.05
M032,Vicuna-13B,LMSYS,2023-03-30,GSM8K,math_grade,80.47,100,80.47
M032,Vicuna-13B,LMSYS,2023-03-30,MATH,math_competition,46.41,100,46.41
M032,Vicuna-13B,LMSYS,2023-03-30,HellaSwag,commonsense,92.78,100,92.78
M032,Vicuna-13B,LMSYS,2023-03-30,ARC-Challenge,reasoning,88.0,100,88.0
M032,Vicuna-13B,LMSYS,2023-03-30,TruthfulQA,truthfulness,51.39,100,51.39
M032,Vicuna-13B,LMSYS,2023-03-30,BBH,reasoning_hard,70.95,100,70.95
M032,Vicuna-13B,LMSYS,2023-03-30,Chatbot Arena ELO,human_eval,1033.79,1500,68.92
M033,Alpaca,Stanford,2023-03-13,MMLU,knowledge,83.5,100,83.5
M033,Alpaca,Stanford,2023-03-13,HumanEval,coding,84.29,100,84.29
M033,Alpaca,Stanford,2023-03-13,GSM8K,math_grade,81.16,100,81.16
M033,Alpaca,Stanford,2023-03-13,MATH,math_competition,41.95,100,41.95
M033,Alpaca,Stanford,2023-03-13,HellaSwag,commonsense,90.04,100,90.04
M033,Alpaca,Stanford,2023-03-13,ARC-Challenge,reasoning,91.57,100,91.57
M033,Alpaca,Stanford,2023-03-13,TruthfulQA,truthfulness,56.31,100,56.31
M033,Alpaca,Stanford,2023-03-13,BBH,reasoning_hard,71.44,100,71.44
M033,Alpaca,Stanford,2023-03-13,Chatbot Arena ELO,human_eval,980.34,1500,65.36
M034,Claude 2,Anthropic,2023-07-11,MMLU,knowledge,86.47,100,86.47
M034,Claude 2,Anthropic,2023-07-11,HumanEval,coding,79.82,100,79.82
M034,Claude 2,Anthropic,2023-07-11,GSM8K,math_grade,76.67,100,76.67
M034,Claude 2,Anthropic,2023-07-11,MATH,math_competition,43.11,100,43.11
M034,Claude 2,Anthropic,2023-07-11,GPQA Diamond,science_phd,26.05,100,26.05
M034,Claude 2,Anthropic,2023-07-11,HellaSwag,commonsense,94.31,100,94.31
M034,Claude 2,Anthropic,2023-07-11,ARC-Challenge,reasoning,87.12,100,87.12
M034,Claude 2,Anthropic,2023-07-11,TruthfulQA,truthfulness,54.48,100,54.48
M034,Claude 2,Anthropic,2023-07-11,BBH,reasoning_hard,69.24,100,69.24
M034,Claude 2,Anthropic,2023-07-11,Chatbot Arena ELO,human_eval,1156.63,1500,77.11
M035,LLaMA 2 (70B),Meta,2023-07-18,MMLU,knowledge,86.64,100,86.64
M035,LLaMA 2 (70B),Meta,2023-07-18,HumanEval,coding,67.73,100,67.73
M035,LLaMA 2 (70B),Meta,2023-07-18,GSM8K,math_grade,79.29,100,79.29
M035,LLaMA 2 (70B),Meta,2023-07-18,MATH,math_competition,45.71,100,45.71
M035,LLaMA 2 (70B),Meta,2023-07-18,GPQA Diamond,science_phd,26.18,100,26.18
M035,LLaMA 2 (70B),Meta,2023-07-18,HellaSwag,commonsense,93.02,100,93.02
M035,LLaMA 2 (70B),Meta,2023-07-18,ARC-Challenge,reasoning,82.73,100,82.73
M035,LLaMA 2 (70B),Meta,2023-07-18,TruthfulQA,truthfulness,56.64,100,56.64
M035,LLaMA 2 (70B),Meta,2023-07-18,BBH,reasoning_hard,75.18,100,75.18
M035,LLaMA 2 (70B),Meta,2023-07-18,Chatbot Arena ELO,human_eval,1101.66,1500,73.44
M036,Code LLaMA,Meta,2023-08-24,MMLU,knowledge,83.25,100,83.25
M036,Code LLaMA,Meta,2023-08-24,HumanEval,coding,84.69,100,84.69
M036,Code LLaMA,Meta,2023-08-24,GSM8K,math_grade,79.82,100,79.82
M036,Code LLaMA,Meta,2023-08-24,MATH,math_competition,40.79,100,40.79
M036,Code LLaMA,Meta,2023-08-24,GPQA Diamond,science_phd,23.66,100,23.66
M036,Code LLaMA,Meta,2023-08-24,HellaSwag,commonsense,95.9,100,95.9
M036,Code LLaMA,Meta,2023-08-24,ARC-Challenge,reasoning,89.75,100,89.75
M036,Code LLaMA,Meta,2023-08-24,TruthfulQA,truthfulness,63.66,100,63.66
M036,Code LLaMA,Meta,2023-08-24,BBH,reasoning_hard,73.53,100,73.53
M037,Mistral 7B,Mistral,2023-09-27,MMLU,knowledge,78.63,100,78.63
M037,Mistral 7B,Mistral,2023-09-27,HumanEval,coding,84.98,100,84.98
M037,Mistral 7B,Mistral,2023-09-27,GSM8K,math_grade,81.32,100,81.32
M037,Mistral 7B,Mistral,2023-09-27,MATH,math_competition,48.31,100,48.31
M037,Mistral 7B,Mistral,2023-09-27,GPQA Diamond,science_phd,23.81,100,23.81
M037,Mistral 7B,Mistral,2023-09-27,HellaSwag,commonsense,92.43,100,92.43
M037,Mistral 7B,Mistral,2023-09-27,ARC-Challenge,reasoning,85.91,100,85.91
M037,Mistral 7B,Mistral,2023-09-27,TruthfulQA,truthfulness,59.95,100,59.95
M037,Mistral 7B,Mistral,2023-09-27,BBH,reasoning_hard,66.47,100,66.47
M038,Falcon-180B,TII,2023-09-06,MMLU,knowledge,86.62,100,86.62
M038,Falcon-180B,TII,2023-09-06,HumanEval,coding,77.24,100,77.24
M038,Falcon-180B,TII,2023-09-06,GSM8K,math_grade,83.51,100,83.51
M038,Falcon-180B,TII,2023-09-06,MATH,math_competition,48.0,100,48.0
M038,Falcon-180B,TII,2023-09-06,GPQA Diamond,science_phd,32.28,100,32.28
M038,Falcon-180B,TII,2023-09-06,HellaSwag,commonsense,95.84,100,95.84
M038,Falcon-180B,TII,2023-09-06,ARC-Challenge,reasoning,83.28,100,83.28
M038,Falcon-180B,TII,2023-09-06,TruthfulQA,truthfulness,54.67,100,54.67
M038,Falcon-180B,TII,2023-09-06,BBH,reasoning_hard,66.48,100,66.48
M039,Yi-34B,01.AI,2023-11-06,MMLU,knowledge,79.1,100,79.1
M039,Yi-34B,01.AI,2023-11-06,HumanEval,coding,84.04,100,84.04
M039,Yi-34B,01.AI,2023-11-06,GSM8K,math_grade,81.91,100,81.91
M039,Yi-34B,01.AI,2023-11-06,MATH,math_competition,42.2,100,42.2
M039,Yi-34B,01.AI,2023-11-06,GPQA Diamond,science_phd,20.95,100,20.95
M039,Yi-34B,01.AI,2023-11-06,HellaSwag,commonsense,93.36,100,93.36
M039,Yi-34B,01.AI,2023-11-06,ARC-Challenge,reasoning,84.35,100,84.35
M039,Yi-34B,01.AI,2023-11-06,TruthfulQA,truthfulness,51.64,100,51.64
M039,Yi-34B,01.AI,2023-11-06,BBH,reasoning_hard,70.94,100,70.94
M040,Mixtral 8x7B,Mistral,2023-12-08,MMLU,knowledge,84.81,100,84.81
M040,Mixtral 8x7B,Mistral,2023-12-08,HumanEval,coding,80.44,100,80.44
M040,Mixtral 8x7B,Mistral,2023-12-08,GSM8K,math_grade,73.13,100,73.13
M040,Mixtral 8x7B,Mistral,2023-12-08,MATH,math_competition,46.22,100,46.22
M040,Mixtral 8x7B,Mistral,2023-12-08,GPQA Diamond,science_phd,25.29,100,25.29
M040,Mixtral 8x7B,Mistral,2023-12-08,HellaSwag,commonsense,94.33,100,94.33
M040,Mixtral 8x7B,Mistral,2023-12-08,ARC-Challenge,reasoning,92.85,100,92.85
M040,Mixtral 8x7B,Mistral,2023-12-08,TruthfulQA,truthfulness,44.68,100,44.68
M040,Mixtral 8x7B,Mistral,2023-12-08,BBH,reasoning_hard,68.23,100,68.23
M041,Gemini 1.0 Ultra,Google,2023-12-06,MMLU,knowledge,88.43,100,88.43
M041,Gemini 1.0 Ultra,Google,2023-12-06,HumanEval,coding,71.67,100,71.67
M041,Gemini 1.0 Ultra,Google,2023-12-06,GSM8K,math_grade,84.43,100,84.43
M041,Gemini 1.0 Ultra,Google,2023-12-06,MATH,math_competition,46.47,100,46.47
M041,Gemini 1.0 Ultra,Google,2023-12-06,GPQA Diamond,science_phd,28.39,100,28.39
M041,Gemini 1.0 Ultra,Google,2023-12-06,HellaSwag,commonsense,93.96,100,93.96
M041,Gemini 1.0 Ultra,Google,2023-12-06,ARC-Challenge,reasoning,90.44,100,90.44
M041,Gemini 1.0 Ultra,Google,2023-12-06,TruthfulQA,truthfulness,60.34,100,60.34
M041,Gemini 1.0 Ultra,Google,2023-12-06,BBH,reasoning_hard,70.7,100,70.7
M041,Gemini 1.0 Ultra,Google,2023-12-06,MMMU,multimodal,35.94,100,35.94
M041,Gemini 1.0 Ultra,Google,2023-12-06,Chatbot Arena ELO,human_eval,1169.1,1500,77.94
M042,Gemini 1.0 Pro,Google,2023-12-06,MMLU,knowledge,81.09,100,81.09
M042,Gemini 1.0 Pro,Google,2023-12-06,HumanEval,coding,77.41,100,77.41
M042,Gemini 1.0 Pro,Google,2023-12-06,GSM8K,math_grade,79.54,100,79.54
M042,Gemini 1.0 Pro,Google,2023-12-06,MATH,math_competition,46.53,100,46.53
M042,Gemini 1.0 Pro,Google,2023-12-06,GPQA Diamond,science_phd,29.0,100,29.0
M042,Gemini 1.0 Pro,Google,2023-12-06,HellaSwag,commonsense,92.09,100,92.09
M042,Gemini 1.0 Pro,Google,2023-12-06,ARC-Challenge,reasoning,87.62,100,87.62
M042,Gemini 1.0 Pro,Google,2023-12-06,TruthfulQA,truthfulness,62.41,100,62.41
M042,Gemini 1.0 Pro,Google,2023-12-06,BBH,reasoning_hard,67.77,100,67.77
M042,Gemini 1.0 Pro,Google,2023-12-06,MMMU,multimodal,31.71,100,31.71
M042,Gemini 1.0 Pro,Google,2023-12-06,Chatbot Arena ELO,human_eval,1158.12,1500,77.21
M043,Qwen-72B,Alibaba,2023-11-30,MMLU,knowledge,84.82,100,84.82
M043,Qwen-72B,Alibaba,2023-11-30,HumanEval,coding,78.05,100,78.05
M043,Qwen-72B,Alibaba,2023-11-30,GSM8K,math_grade,83.99,100,83.99
M043,Qwen-72B,Alibaba,2023-11-30,MATH,math_competition,48.43,100,48.43
M043,Qwen-72B,Alibaba,2023-11-30,GPQA Diamond,science_phd,28.37,100,28.37
M043,Qwen-72B,Alibaba,2023-11-30,HellaSwag,commonsense,94.89,100,94.89
M043,Qwen-72B,Alibaba,2023-11-30,ARC-Challenge,reasoning,94.98,100,94.98
M043,Qwen-72B,Alibaba,2023-11-30,TruthfulQA,truthfulness,53.97,100,53.97
M043,Qwen-72B,Alibaba,2023-11-30,BBH,reasoning_hard,63.99,100,63.99
M044,DeepSeek 67B,DeepSeek,2023-11-29,MMLU,knowledge,86.94,100,86.94
M044,DeepSeek 67B,DeepSeek,2023-11-29,HumanEval,coding,76.17,100,76.17
M044,DeepSeek 67B,DeepSeek,2023-11-29,GSM8K,math_grade,80.32,100,80.32
M044,DeepSeek 67B,DeepSeek,2023-11-29,MATH,math_competition,50.24,100,50.24
M044,DeepSeek 67B,DeepSeek,2023-11-29,GPQA Diamond,science_phd,18.59,100,18.59
M044,DeepSeek 67B,DeepSeek,2023-11-29,HellaSwag,commonsense,91.24,100,91.24
M044,DeepSeek 67B,DeepSeek,2023-11-29,ARC-Challenge,reasoning,83.2,100,83.2
M044,DeepSeek 67B,DeepSeek,2023-11-29,TruthfulQA,truthfulness,51.03,100,51.03
M044,DeepSeek 67B,DeepSeek,2023-11-29,BBH,reasoning_hard,71.32,100,71.32
M045,Claude 2.1,Anthropic,2023-11-21,MMLU,knowledge,85.26,100,85.26
M045,Claude 2.1,Anthropic,2023-11-21,HumanEval,coding,79.11,100,79.11
M045,Claude 2.1,Anthropic,2023-11-21,GSM8K,math_grade,75.76,100,75.76
M045,Claude 2.1,Anthropic,2023-11-21,MATH,math_competition,35.76,100,35.76
M045,Claude 2.1,Anthropic,2023-11-21,GPQA Diamond,science_phd,25.22,100,25.22
M045,Claude 2.1,Anthropic,2023-11-21,HellaSwag,commonsense,93.26,100,93.26
M045,Claude 2.1,Anthropic,2023-11-21,ARC-Challenge,reasoning,89.38,100,89.38
M045,Claude 2.1,Anthropic,2023-11-21,TruthfulQA,truthfulness,58.51,100,58.51
M045,Claude 2.1,Anthropic,2023-11-21,BBH,reasoning_hard,70.41,100,70.41
M045,Claude 2.1,Anthropic,2023-11-21,Chatbot Arena ELO,human_eval,1174.85,1500,78.32
M046,GPT-4 Turbo,OpenAI,2023-11-06,MMLU,knowledge,88.69,100,88.69
M046,GPT-4 Turbo,OpenAI,2023-11-06,HumanEval,coding,80.12,100,80.12
M046,GPT-4 Turbo,OpenAI,2023-11-06,GSM8K,math_grade,77.89,100,77.89
M046,GPT-4 Turbo,OpenAI,2023-11-06,MATH,math_competition,44.28,100,44.28
M046,GPT-4 Turbo,OpenAI,2023-11-06,GPQA Diamond,science_phd,25.79,100,25.79
M046,GPT-4 Turbo,OpenAI,2023-11-06,HellaSwag,commonsense,97.51,100,97.51
M046,GPT-4 Turbo,OpenAI,2023-11-06,ARC-Challenge,reasoning,86.82,100,86.82
M046,GPT-4 Turbo,OpenAI,2023-11-06,TruthfulQA,truthfulness,57.61,100,57.61
M046,GPT-4 Turbo,OpenAI,2023-11-06,BBH,reasoning_hard,69.2,100,69.2
M046,GPT-4 Turbo,OpenAI,2023-11-06,MMMU,multimodal,34.53,100,34.53
M046,GPT-4 Turbo,OpenAI,2023-11-06,Chatbot Arena ELO,human_eval,1193.57,1500,79.57
M047,Inflection-2,Inflection,2023-11-22,MMLU,knowledge,78.24,100,78.24
M047,Inflection-2,Inflection,2023-11-22,HumanEval,coding,72.81,100,72.81
M047,Inflection-2,Inflection,2023-11-22,GSM8K,math_grade,75.55,100,75.55
M047,Inflection-2,Inflection,2023-11-22,MATH,math_competition,35.67,100,35.67
M047,Inflection-2,Inflection,2023-11-22,GPQA Diamond,science_phd,22.29,100,22.29
M047,Inflection-2,Inflection,2023-11-22,HellaSwag,commonsense,95.86,100,95.86
M047,Inflection-2,Inflection,2023-11-22,ARC-Challenge,reasoning,87.15,100,87.15
M047,Inflection-2,Inflection,2023-11-22,TruthfulQA,truthfulness,55.99,100,55.99
M047,Inflection-2,Inflection,2023-11-22,BBH,reasoning_hard,73.27,100,73.27
M047,Inflection-2,Inflection,2023-11-22,Chatbot Arena ELO,human_eval,1193.48,1500,79.57
M048,Gemini 1.5 Pro,Google,2024-02-15,MMLU,knowledge,89.48,100,89.48
M048,Gemini 1.5 Pro,Google,2024-02-15,MMLU-Pro,knowledge_hard,50.47,100,50.47
M048,Gemini 1.5 Pro,Google,2024-02-15,HumanEval,coding,88.37,100,88.37
M048,Gemini 1.5 Pro,Google,2024-02-15,GSM8K,math_grade,89.49,100,89.49
M048,Gemini 1.5 Pro,Google,2024-02-15,MATH,math_competition,62.62,100,62.62
M048,Gemini 1.5 Pro,Google,2024-02-15,GPQA Diamond,science_phd,29.08,100,29.08
M048,Gemini 1.5 Pro,Google,2024-02-15,HellaSwag,commonsense,95.43,100,95.43
M048,Gemini 1.5 Pro,Google,2024-02-15,ARC-Challenge,reasoning,92.93,100,92.93
M048,Gemini 1.5 Pro,Google,2024-02-15,TruthfulQA,truthfulness,69.02,100,69.02
M048,Gemini 1.5 Pro,Google,2024-02-15,BBH,reasoning_hard,87.16,100,87.16
M048,Gemini 1.5 Pro,Google,2024-02-15,MMMU,multimodal,44.47,100,44.47
M048,Gemini 1.5 Pro,Google,2024-02-15,Chatbot Arena ELO,human_eval,1213.84,1500,80.92
M049,Claude 3 Opus,Anthropic,2024-03-04,MMLU,knowledge,86.56,100,86.56
M049,Claude 3 Opus,Anthropic,2024-03-04,MMLU-Pro,knowledge_hard,47.83,100,47.83
M049,Claude 3 Opus,Anthropic,2024-03-04,HumanEval,coding,87.48,100,87.48
M049,Claude 3 Opus,Anthropic,2024-03-04,GSM8K,math_grade,86.51,100,86.51
M049,Claude 3 Opus,Anthropic,2024-03-04,MATH,math_competition,68.71,100,68.71
M049,Claude 3 Opus,Anthropic,2024-03-04,GPQA Diamond,science_phd,32.58,100,32.58
M049,Claude 3 Opus,Anthropic,2024-03-04,HellaSwag,commonsense,96.14,100,96.14
M049,Claude 3 Opus,Anthropic,2024-03-04,ARC-Challenge,reasoning,90.79,100,90.79
M049,Claude 3 Opus,Anthropic,2024-03-04,TruthfulQA,truthfulness,61.73,100,61.73
M049,Claude 3 Opus,Anthropic,2024-03-04,BBH,reasoning_hard,83.28,100,83.28
M049,Claude 3 Opus,Anthropic,2024-03-04,MMMU,multimodal,49.24,100,49.24
M049,Claude 3 Opus,Anthropic,2024-03-04,Chatbot Arena ELO,human_eval,1211.91,1500,80.79
M050,Claude 3 Sonnet,Anthropic,2024-03-04,MMLU,knowledge,89.31,100,89.31
M050,Claude 3 Sonnet,Anthropic,2024-03-04,MMLU-Pro,knowledge_hard,49.5,100,49.5
M050,Claude 3 Sonnet,Anthropic,2024-03-04,HumanEval,coding,86.63,100,86.63
M050,Claude 3 Sonnet,Anthropic,2024-03-04,GSM8K,math_grade,87.57,100,87.57
M050,Claude 3 Sonnet,Anthropic,2024-03-04,MATH,math_competition,69.27,100,69.27
M050,Claude 3 Sonnet,Anthropic,2024-03-04,GPQA Diamond,science_phd,33.67,100,33.67
M050,Claude 3 Sonnet,Anthropic,2024-03-04,HellaSwag,commonsense,98.0,100,98.0
M050,Claude 3 Sonnet,Anthropic,2024-03-04,ARC-Challenge,reasoning,95.15,100,95.15
M050,Claude 3 Sonnet,Anthropic,2024-03-04,TruthfulQA,truthfulness,64.34,100,64.34
M050,Claude 3 Sonnet,Anthropic,2024-03-04,BBH,reasoning_hard,83.05,100,83.05
M050,Claude 3 Sonnet,Anthropic,2024-03-04,MMMU,multimodal,57.8,100,57.8
M050,Claude 3 Sonnet,Anthropic,2024-03-04,Chatbot Arena ELO,human_eval,1259.99,1500,84.0
M051,Claude 3 Haiku,Anthropic,2024-03-13,MMLU,knowledge,84.78,100,84.78
M051,Claude 3 Haiku,Anthropic,2024-03-13,MMLU-Pro,knowledge_hard,43.82,100,43.82
M051,Claude 3 Haiku,Anthropic,2024-03-13,HumanEval,coding,92.3,100,92.3
M051,Claude 3 Haiku,Anthropic,2024-03-13,GSM8K,math_grade,89.46,100,89.46
M051,Claude 3 Haiku,Anthropic,2024-03-13,MATH,math_competition,66.33,100,66.33
M051,Claude 3 Haiku,Anthropic,2024-03-13,GPQA Diamond,science_phd,34.9,100,34.9
M051,Claude 3 Haiku,Anthropic,2024-03-13,HellaSwag,commonsense,96.3,100,96.3
M051,Claude 3 Haiku,Anthropic,2024-03-13,ARC-Challenge,reasoning,91.5,100,91.5
M051,Claude 3 Haiku,Anthropic,2024-03-13,TruthfulQA,truthfulness,57.05,100,57.05
M051,Claude 3 Haiku,Anthropic,2024-03-13,BBH,reasoning_hard,75.78,100,75.78
M051,Claude 3 Haiku,Anthropic,2024-03-13,MMMU,multimodal,45.53,100,45.53
M051,Claude 3 Haiku,Anthropic,2024-03-13,Chatbot Arena ELO,human_eval,1172.95,1500,78.2
M052,Mistral Large,Mistral,2024-02-26,MMLU,knowledge,88.57,100,88.57
M052,Mistral Large,Mistral,2024-02-26,MMLU-Pro,knowledge_hard,52.08,100,52.08
M052,Mistral Large,Mistral,2024-02-26,HumanEval,coding,92.42,100,92.42
M052,Mistral Large,Mistral,2024-02-26,GSM8K,math_grade,89.11,100,89.11
M052,Mistral Large,Mistral,2024-02-26,MATH,math_competition,66.39,100,66.39
M052,Mistral Large,Mistral,2024-02-26,GPQA Diamond,science_phd,33.37,100,33.37
M052,Mistral Large,Mistral,2024-02-26,HellaSwag,commonsense,96.57,100,96.57
M052,Mistral Large,Mistral,2024-02-26,ARC-Challenge,reasoning,94.56,100,94.56
M052,Mistral Large,Mistral,2024-02-26,TruthfulQA,truthfulness,68.1,100,68.1
M052,Mistral Large,Mistral,2024-02-26,BBH,reasoning_hard,80.98,100,80.98
M052,Mistral Large,Mistral,2024-02-26,Chatbot Arena ELO,human_eval,1233.26,1500,82.22
M053,LLaMA 3 (8B),Meta,2024-04-18,MMLU,knowledge,80.09,100,80.09
M053,LLaMA 3 (8B),Meta,2024-04-18,MMLU-Pro,knowledge_hard,42.73,100,42.73
M053,LLaMA 3 (8B),Meta,2024-04-18,HumanEval,coding,98.39,100,98.39
M053,LLaMA 3 (8B),Meta,2024-04-18,GSM8K,math_grade,92.67,100,92.67
M053,LLaMA 3 (8B),Meta,2024-04-18,MATH,math_competition,70.73,100,70.73
M053,LLaMA 3 (8B),Meta,2024-04-18,GPQA Diamond,science_phd,35.37,100,35.37
M053,LLaMA 3 (8B),Meta,2024-04-18,HellaSwag,commonsense,96.52,100,96.52
M053,LLaMA 3 (8B),Meta,2024-04-18,ARC-Challenge,reasoning,93.83,100,93.83
M053,LLaMA 3 (8B),Meta,2024-04-18,TruthfulQA,truthfulness,64.15,100,64.15
M053,LLaMA 3 (8B),Meta,2024-04-18,BBH,reasoning_hard,79.66,100,79.66
M053,LLaMA 3 (8B),Meta,2024-04-18,Chatbot Arena ELO,human_eval,1196.46,1500,79.76
M054,LLaMA 3 (70B),Meta,2024-04-18,MMLU,knowledge,85.67,100,85.67
M054,LLaMA 3 (70B),Meta,2024-04-18,MMLU-Pro,knowledge_hard,47.53,100,47.53
M054,LLaMA 3 (70B),Meta,2024-04-18,HumanEval,coding,92.34,100,92.34
M054,LLaMA 3 (70B),Meta,2024-04-18,GSM8K,math_grade,93.1,100,93.1
M054,LLaMA 3 (70B),Meta,2024-04-18,MATH,math_competition,63.86,100,63.86
M054,LLaMA 3 (70B),Meta,2024-04-18,GPQA Diamond,science_phd,36.82,100,36.82
M054,LLaMA 3 (70B),Meta,2024-04-18,HellaSwag,commonsense,96.15,100,96.15
M054,LLaMA 3 (70B),Meta,2024-04-18,ARC-Challenge,reasoning,96.81,100,96.81
M054,LLaMA 3 (70B),Meta,2024-04-18,TruthfulQA,truthfulness,55.84,100,55.84
M054,LLaMA 3 (70B),Meta,2024-04-18,BBH,reasoning_hard,80.99,100,80.99
M054,LLaMA 3 (70B),Meta,2024-04-18,Chatbot Arena ELO,human_eval,1137.95,1500,75.86
M055,GPT-4o,OpenAI,2024-05-13,MMLU,knowledge,86.02,100,86.02
M055,GPT-4o,OpenAI,2024-05-13,MMLU-Pro,knowledge_hard,50.99,100,50.99
M055,GPT-4o,OpenAI,2024-05-13,HumanEval,coding,91.58,100,91.58
M055,GPT-4o,OpenAI,2024-05-13,GSM8K,math_grade,89.84,100,89.84
M055,GPT-4o,OpenAI,2024-05-13,MATH,math_competition,58.99,100,58.99
M055,GPT-4o,OpenAI,2024-05-13,GPQA Diamond,science_phd,23.14,100,23.14
M055,GPT-4o,OpenAI,2024-05-13,HellaSwag,commonsense,96.36,100,96.36
M055,GPT-4o,OpenAI,2024-05-13,ARC-Challenge,reasoning,99.0,100,99.0
M055,GPT-4o,OpenAI,2024-05-13,TruthfulQA,truthfulness,67.17,100,67.17
M055,GPT-4o,OpenAI,2024-05-13,BBH,reasoning_hard,80.32,100,80.32
M055,GPT-4o,OpenAI,2024-05-13,MMMU,multimodal,51.86,100,51.86
M055,GPT-4o,OpenAI,2024-05-13,Chatbot Arena ELO,human_eval,1157.69,1500,77.18
M056,Gemini 1.5 Flash,Google,2024-05-14,MMLU,knowledge,82.62,100,82.62
M056,Gemini 1.5 Flash,Google,2024-05-14,MMLU-Pro,knowledge_hard,43.01,100,43.01
M056,Gemini 1.5 Flash,Google,2024-05-14,HumanEval,coding,87.66,100,87.66
M056,Gemini 1.5 Flash,Google,2024-05-14,GSM8K,math_grade,94.37,100,94.37
M056,Gemini 1.5 Flash,Google,2024-05-14,MATH,math_competition,66.38,100,66.38
M056,Gemini 1.5 Flash,Google,2024-05-14,GPQA Diamond,science_phd,37.67,100,37.67
M056,Gemini 1.5 Flash,Google,2024-05-14,HellaSwag,commonsense,93.98,100,93.98
M056,Gemini 1.5 Flash,Google,2024-05-14,ARC-Challenge,reasoning,96.69,100,96.69
M056,Gemini 1.5 Flash,Google,2024-05-14,TruthfulQA,truthfulness,73.14,100,73.14
M056,Gemini 1.5 Flash,Google,2024-05-14,BBH,reasoning_hard,79.09,100,79.09
M056,Gemini 1.5 Flash,Google,2024-05-14,MMMU,multimodal,46.45,100,46.45
M056,Gemini 1.5 Flash,Google,2024-05-14,Chatbot Arena ELO,human_eval,1223.62,1500,81.57
M057,Claude 3.5 Sonnet,Anthropic,2024-06-20,MMLU,knowledge,89.64,100,89.64
M057,Claude 3.5 Sonnet,Anthropic,2024-06-20,MMLU-Pro,knowledge_hard,50.94,100,50.94
M057,Claude 3.5 Sonnet,Anthropic,2024-06-20,HumanEval,coding,86.23,100,86.23
M057,Claude 3.5 Sonnet,Anthropic,2024-06-20,GSM8K,math_grade,96.37,100,96.37
M057,Claude 3.5 Sonnet,Anthropic,2024-06-20,MATH,math_competition,65.53,100,65.53
M057,Claude 3.5 Sonnet,Anthropic,2024-06-20,GPQA Diamond,science_phd,36.03,100,36.03
M057,Claude 3.5 Sonnet,Anthropic,2024-06-20,HellaSwag,commonsense,98.0,100,98.0
M057,Claude 3.5 Sonnet,Anthropic,2024-06-20,ARC-Challenge,reasoning,92.91,100,92.91
M057,Claude 3.5 Sonnet,Anthropic,2024-06-20,TruthfulQA,truthfulness,60.29,100,60.29
M057,Claude 3.5 Sonnet,Anthropic,2024-06-20,BBH,reasoning_hard,80.65,100,80.65
M057,Claude 3.5 Sonnet,Anthropic,2024-06-20,MMMU,multimodal,51.81,100,51.81
M057,Claude 3.5 Sonnet,Anthropic,2024-06-20,Chatbot Arena ELO,human_eval,1156.67,1500,77.11
M058,DeepSeek V2,DeepSeek,2024-05-06,MMLU,knowledge,92.78,100,92.78
M058,DeepSeek V2,DeepSeek,2024-05-06,MMLU-Pro,knowledge_hard,45.5,100,45.5
M058,DeepSeek V2,DeepSeek,2024-05-06,HumanEval,coding,92.59,100,92.59
M058,DeepSeek V2,DeepSeek,2024-05-06,GSM8K,math_grade,84.82,100,84.82
M058,DeepSeek V2,DeepSeek,2024-05-06,MATH,math_competition,61.85,100,61.85
M058,DeepSeek V2,DeepSeek,2024-05-06,GPQA Diamond,science_phd,28.25,100,28.25
M058,DeepSeek V2,DeepSeek,2024-05-06,HellaSwag,commonsense,95.91,100,95.91
M058,DeepSeek V2,DeepSeek,2024-05-06,ARC-Challenge,reasoning,94.74,100,94.74
M058,DeepSeek V2,DeepSeek,2024-05-06,TruthfulQA,truthfulness,64.1,100,64.1
M058,DeepSeek V2,DeepSeek,2024-05-06,BBH,reasoning_hard,81.24,100,81.24
M059,Qwen 2 (72B),Alibaba,2024-06-07,MMLU,knowledge,87.81,100,87.81
M059,Qwen 2 (72B),Alibaba,2024-06-07,MMLU-Pro,knowledge_hard,46.18,100,46.18
M059,Qwen 2 (72B),Alibaba,2024-06-07,HumanEval,coding,83.97,100,83.97
M059,Qwen 2 (72B),Alibaba,2024-06-07,GSM8K,math_grade,94.12,100,94.12
M059,Qwen 2 (72B),Alibaba,2024-06-07,MATH,math_competition,67.65,100,67.65
M059,Qwen 2 (72B),Alibaba,2024-06-07,GPQA Diamond,science_phd,36.54,100,36.54
M059,Qwen 2 (72B),Alibaba,2024-06-07,HellaSwag,commonsense,97.9,100,97.9
M059,Qwen 2 (72B),Alibaba,2024-06-07,ARC-Challenge,reasoning,94.89,100,94.89
M059,Qwen 2 (72B),Alibaba,2024-06-07,TruthfulQA,truthfulness,75.18,100,75.18
M059,Qwen 2 (72B),Alibaba,2024-06-07,BBH,reasoning_hard,81.74,100,81.74
M059,Qwen 2 (72B),Alibaba,2024-06-07,MMMU,multimodal,48.77,100,48.77
M059,Qwen 2 (72B),Alibaba,2024-06-07,Chatbot Arena ELO,human_eval,1175.25,1500,78.35
M060,Mistral Nemo,Mistral,2024-07-18,MMLU,knowledge,81.3,100,81.3
M060,Mistral Nemo,Mistral,2024-07-18,MMLU-Pro,knowledge_hard,54.5,100,54.5
M060,Mistral Nemo,Mistral,2024-07-18,HumanEval,coding,84.44,100,84.44
M060,Mistral Nemo,Mistral,2024-07-18,GSM8K,math_grade,91.79,100,91.79
M060,Mistral Nemo,Mistral,2024-07-18,MATH,math_competition,66.34,100,66.34
M060,Mistral Nemo,Mistral,2024-07-18,AIME 2024,math_olympiad,10.26,100,10.26
M060,Mistral Nemo,Mistral,2024-07-18,GPQA Diamond,science_phd,46.94,100,46.94
M060,Mistral Nemo,Mistral,2024-07-18,HellaSwag,commonsense,97.42,100,97.42
M060,Mistral Nemo,Mistral,2024-07-18,ARC-Challenge,reasoning,96.22,100,96.22
M060,Mistral Nemo,Mistral,2024-07-18,TruthfulQA,truthfulness,64.2,100,64.2
M060,Mistral Nemo,Mistral,2024-07-18,BBH,reasoning_hard,80.04,100,80.04
M060,Mistral Nemo,Mistral,2024-07-18,SWE-Bench Verified,coding_agentic,17.74,100,17.74
M060,Mistral Nemo,Mistral,2024-07-18,LiveCodeBench,coding_live,25.94,100,25.94
M060,Mistral Nemo,Mistral,2024-07-18,Chatbot Arena ELO,human_eval,1222.74,1500,81.52
M061,LLaMA 3.1 (405B),Meta,2024-07-23,MMLU,knowledge,91.83,100,91.83
M061,LLaMA 3.1 (405B),Meta,2024-07-23,MMLU-Pro,knowledge_hard,63.61,100,63.61
M061,LLaMA 3.1 (405B),Meta,2024-07-23,HumanEval,coding,84.4,100,84.4
M061,LLaMA 3.1 (405B),Meta,2024-07-23,GSM8K,math_grade,92.57,100,92.57
M061,LLaMA 3.1 (405B),Meta,2024-07-23,MATH,math_competition,59.18,100,59.18
M061,LLaMA 3.1 (405B),Meta,2024-07-23,AIME 2024,math_olympiad,21.68,100,21.68
M061,LLaMA 3.1 (405B),Meta,2024-07-23,GPQA Diamond,science_phd,54.99,100,54.99
M061,LLaMA 3.1 (405B),Meta,2024-07-23,HellaSwag,commonsense,97.41,100,97.41
M061,LLaMA 3.1 (405B),Meta,2024-07-23,ARC-Challenge,reasoning,95.09,100,95.09
M061,LLaMA 3.1 (405B),Meta,2024-07-23,TruthfulQA,truthfulness,52.95,100,52.95
M061,LLaMA 3.1 (405B),Meta,2024-07-23,BBH,reasoning_hard,78.53,100,78.53
M061,LLaMA 3.1 (405B),Meta,2024-07-23,SWE-Bench Verified,coding_agentic,13.53,100,13.53
M061,LLaMA 3.1 (405B),Meta,2024-07-23,LiveCodeBench,coding_live,19.64,100,19.64
M061,LLaMA 3.1 (405B),Meta,2024-07-23,Chatbot Arena ELO,human_eval,1310.54,1500,87.37
M062,LLaMA 3.1 (70B),Meta,2024-07-23,MMLU,knowledge,94.22,100,94.22
M062,LLaMA 3.1 (70B),Meta,2024-07-23,MMLU-Pro,knowledge_hard,57.01,100,57.01
M062,LLaMA 3.1 (70B),Meta,2024-07-23,HumanEval,coding,84.65,100,84.65
M062,LLaMA 3.1 (70B),Meta,2024-07-23,GSM8K,math_grade,92.71,100,92.71
M062,LLaMA 3.1 (70B),Meta,2024-07-23,MATH,math_competition,71.44,100,71.44
M062,LLaMA 3.1 (70B),Meta,2024-07-23,AIME 2024,math_olympiad,8.89,100,8.89
M062,LLaMA 3.1 (70B),Meta,2024-07-23,GPQA Diamond,science_phd,51.0,100,51.0
M062,LLaMA 3.1 (70B),Meta,2024-07-23,HellaSwag,commonsense,98.0,100,98.0
M062,LLaMA 3.1 (70B),Meta,2024-07-23,ARC-Challenge,reasoning,89.04,100,89.04
M062,LLaMA 3.1 (70B),Meta,2024-07-23,TruthfulQA,truthfulness,58.59,100,58.59
M062,LLaMA 3.1 (70B),Meta,2024-07-23,BBH,reasoning_hard,80.73,100,80.73
M062,LLaMA 3.1 (70B),Meta,2024-07-23,SWE-Bench Verified,coding_agentic,12.4,100,12.4
M062,LLaMA 3.1 (70B),Meta,2024-07-23,LiveCodeBench,coding_live,29.06,100,29.06
M062,LLaMA 3.1 (70B),Meta,2024-07-23,Chatbot Arena ELO,human_eval,1284.93,1500,85.66
M063,Gemma 2 (27B),Google,2024-06-27,MMLU,knowledge,80.83,100,80.83
M063,Gemma 2 (27B),Google,2024-06-27,MMLU-Pro,knowledge_hard,45.84,100,45.84
M063,Gemma 2 (27B),Google,2024-06-27,HumanEval,coding,85.69,100,85.69
M063,Gemma 2 (27B),Google,2024-06-27,GSM8K,math_grade,95.82,100,95.82
M063,Gemma 2 (27B),Google,2024-06-27,MATH,math_competition,62.49,100,62.49
M063,Gemma 2 (27B),Google,2024-06-27,GPQA Diamond,science_phd,32.45,100,32.45
M063,Gemma 2 (27B),Google,2024-06-27,HellaSwag,commonsense,97.23,100,97.23
M063,Gemma 2 (27B),Google,2024-06-27,ARC-Challenge,reasoning,96.29,100,96.29
M063,Gemma 2 (27B),Google,2024-06-27,TruthfulQA,truthfulness,67.24,100,67.24
M063,Gemma 2 (27B),Google,2024-06-27,BBH,reasoning_hard,76.94,100,76.94
M063,Gemma 2 (27B),Google,2024-06-27,Chatbot Arena ELO,human_eval,1207.61,1500,80.51
M064,GPT-4o mini,OpenAI,2024-07-18,MMLU,knowledge,80.41,100,80.41
M064,GPT-4o mini,OpenAI,2024-07-18,MMLU-Pro,knowledge_hard,58.42,100,58.42
M064,GPT-4o mini,OpenAI,2024-07-18,HumanEval,coding,82.31,100,82.31
M064,GPT-4o mini,OpenAI,2024-07-18,GSM8K,math_grade,93.34,100,93.34
M064,GPT-4o mini,OpenAI,2024-07-18,MATH,math_competition,61.77,100,61.77
M064,GPT-4o mini,OpenAI,2024-07-18,AIME 2024,math_olympiad,3.59,100,3.59
M064,GPT-4o mini,OpenAI,2024-07-18,GPQA Diamond,science_phd,52.86,100,52.86
M064,GPT-4o mini,OpenAI,2024-07-18,HellaSwag,commonsense,95.84,100,95.84
M064,GPT-4o mini,OpenAI,2024-07-18,ARC-Challenge,reasoning,92.16,100,92.16
M064,GPT-4o mini,OpenAI,2024-07-18,TruthfulQA,truthfulness,72.26,100,72.26
M064,GPT-4o mini,OpenAI,2024-07-18,BBH,reasoning_hard,80.68,100,80.68
M064,GPT-4o mini,OpenAI,2024-07-18,SWE-Bench Verified,coding_agentic,15.16,100,15.16
M064,GPT-4o mini,OpenAI,2024-07-18,LiveCodeBench,coding_live,26.34,100,26.34
M064,GPT-4o mini,OpenAI,2024-07-18,MMMU,multimodal,57.52,100,57.52
M064,GPT-4o mini,OpenAI,2024-07-18,Chatbot Arena ELO,human_eval,1277.68,1500,85.18
M065,Phi-3.5,Microsoft,2024-08-20,MMLU,knowledge,80.3,100,80.3
M065,Phi-3.5,Microsoft,2024-08-20,MMLU-Pro,knowledge_hard,55.5,100,55.5
M065,Phi-3.5,Microsoft,2024-08-20,HumanEval,coding,93.45,100,93.45
M065,Phi-3.5,Microsoft,2024-08-20,GSM8K,math_grade,88.88,100,88.88
M065,Phi-3.5,Microsoft,2024-08-20,MATH,math_competition,55.35,100,55.35
M065,Phi-3.5,Microsoft,2024-08-20,GPQA Diamond,science_phd,56.44,100,56.44
M065,Phi-3.5,Microsoft,2024-08-20,HellaSwag,commonsense,98.0,100,98.0
M065,Phi-3.5,Microsoft,2024-08-20,ARC-Challenge,reasoning,92.78,100,92.78
M065,Phi-3.5,Microsoft,2024-08-20,TruthfulQA,truthfulness,55.32,100,55.32
M065,Phi-3.5,Microsoft,2024-08-20,BBH,reasoning_hard,81.07,100,81.07
M065,Phi-3.5,Microsoft,2024-08-20,LiveCodeBench,coding_live,23.57,100,23.57
M065,Phi-3.5,Microsoft,2024-08-20,Chatbot Arena ELO,human_eval,1253.0,1500,83.53
M066,Grok-2,xAI,2024-08-14,MMLU,knowledge,88.14,100,88.14
M066,Grok-2,xAI,2024-08-14,MMLU-Pro,knowledge_hard,64.23,100,64.23
M066,Grok-2,xAI,2024-08-14,HumanEval,coding,90.1,100,90.1
M066,Grok-2,xAI,2024-08-14,GSM8K,math_grade,87.52,100,87.52
M066,Grok-2,xAI,2024-08-14,MATH,math_competition,67.8,100,67.8
M066,Grok-2,xAI,2024-08-14,AIME 2024,math_olympiad,25.26,100,25.26
M066,Grok-2,xAI,2024-08-14,GPQA Diamond,science_phd,50.69,100,50.69
M066,Grok-2,xAI,2024-08-14,HellaSwag,commonsense,97.07,100,97.07
M066,Grok-2,xAI,2024-08-14,ARC-Challenge,reasoning,93.57,100,93.57
M066,Grok-2,xAI,2024-08-14,TruthfulQA,truthfulness,68.08,100,68.08
M066,Grok-2,xAI,2024-08-14,BBH,reasoning_hard,76.81,100,76.81
M066,Grok-2,xAI,2024-08-14,SWE-Bench Verified,coding_agentic,15.82,100,15.82
M066,Grok-2,xAI,2024-08-14,LiveCodeBench,coding_live,23.05,100,23.05
M066,Grok-2,xAI,2024-08-14,Chatbot Arena ELO,human_eval,1342.89,1500,89.53
M067,o1-preview,OpenAI,2024-09-12,MMLU,knowledge,94.98,100,94.98
M067,o1-preview,OpenAI,2024-09-12,MMLU-Pro,knowledge_hard,74.91,100,74.91
M067,o1-preview,OpenAI,2024-09-12,HumanEval,coding,86.59,100,86.59
M067,o1-preview,OpenAI,2024-09-12,GSM8K,math_grade,97.76,100,97.76
M067,o1-preview,OpenAI,2024-09-12,MATH,math_competition,76.28,100,76.28
M067,o1-preview,OpenAI,2024-09-12,AIME 2024,math_olympiad,30.65,100,30.65
M067,o1-preview,OpenAI,2024-09-12,GPQA Diamond,science_phd,58.71,100,58.71
M067,o1-preview,OpenAI,2024-09-12,HellaSwag,commonsense,98.0,100,98.0
M067,o1-preview,OpenAI,2024-09-12,ARC-Challenge,reasoning,93.03,100,93.03
M067,o1-preview,OpenAI,2024-09-12,TruthfulQA,truthfulness,56.54,100,56.54
M067,o1-preview,OpenAI,2024-09-12,BBH,reasoning_hard,85.95,100,85.95
M067,o1-preview,OpenAI,2024-09-12,SWE-Bench Verified,coding_agentic,15.49,100,15.49
M067,o1-preview,OpenAI,2024-09-12,LiveCodeBench,coding_live,28.29,100,28.29
M067,o1-preview,OpenAI,2024-09-12,Chatbot Arena ELO,human_eval,1307.07,1500,87.14
M068,o1-mini,OpenAI,2024-09-12,MMLU,knowledge,86.27,100,86.27
M068,o1-mini,OpenAI,2024-09-12,MMLU-Pro,knowledge_hard,62.58,100,62.58
M068,o1-mini,OpenAI,2024-09-12,HumanEval,coding,92.93,100,92.93
M068,o1-mini,OpenAI,2024-09-12,GSM8K,math_grade,94.43,100,94.43
M068,o1-mini,OpenAI,2024-09-12,MATH,math_competition,64.74,100,64.74
M068,o1-mini,OpenAI,2024-09-12,AIME 2024,math_olympiad,33.92,100,33.92
M068,o1-mini,OpenAI,2024-09-12,GPQA Diamond,science_phd,59.09,100,59.09
M068,o1-mini,OpenAI,2024-09-12,HellaSwag,commonsense,94.79,100,94.79
M068,o1-mini,OpenAI,2024-09-12,ARC-Challenge,reasoning,90.05,100,90.05
M068,o1-mini,OpenAI,2024-09-12,TruthfulQA,truthfulness,69.18,100,69.18
M068,o1-mini,OpenAI,2024-09-12,BBH,reasoning_hard,87.05,100,87.05
M068,o1-mini,OpenAI,2024-09-12,SWE-Bench Verified,coding_agentic,31.91,100,31.91
M068,o1-mini,OpenAI,2024-09-12,LiveCodeBench,coding_live,32.1,100,32.1
M068,o1-mini,OpenAI,2024-09-12,Chatbot Arena ELO,human_eval,1308.79,1500,87.25
M069,Claude 3.5 Haiku,Anthropic,2024-10-22,MMLU,knowledge,85.0,100,85.0
M069,Claude 3.5 Haiku,Anthropic,2024-10-22,MMLU-Pro,knowledge_hard,61.35,100,61.35
M069,Claude 3.5 Haiku,Anthropic,2024-10-22,HumanEval,coding,90.5,100,90.5
M069,Claude 3.5 Haiku,Anthropic,2024-10-22,GSM8K,math_grade,95.76,100,95.76
M069,Claude 3.5 Haiku,Anthropic,2024-10-22,MATH,math_competition,77.91,100,77.91
M069,Claude 3.5 Haiku,Anthropic,2024-10-22,AIME 2024,math_olympiad,7.82,100,7.82
M069,Claude 3.5 Haiku,Anthropic,2024-10-22,GPQA Diamond,science_phd,48.08,100,48.08
M069,Claude 3.5 Haiku,Anthropic,2024-10-22,HellaSwag,commonsense,97.53,100,97.53
M069,Claude 3.5 Haiku,Anthropic,2024-10-22,ARC-Challenge,reasoning,98.5,100,98.5
M069,Claude 3.5 Haiku,Anthropic,2024-10-22,TruthfulQA,truthfulness,62.71,100,62.71
M069,Claude 3.5 Haiku,Anthropic,2024-10-22,BBH,reasoning_hard,80.73,100,80.73
M069,Claude 3.5 Haiku,Anthropic,2024-10-22,SWE-Bench Verified,coding_agentic,16.57,100,16.57
M069,Claude 3.5 Haiku,Anthropic,2024-10-22,LiveCodeBench,coding_live,23.77,100,23.77
M069,Claude 3.5 Haiku,Anthropic,2024-10-22,MMMU,multimodal,63.81,100,63.81
M069,Claude 3.5 Haiku,Anthropic,2024-10-22,Chatbot Arena ELO,human_eval,1201.96,1500,80.13
M070,LLaMA 3.2 (90B Vision),Meta,2024-09-25,MMLU,knowledge,86.29,100,86.29
M070,LLaMA 3.2 (90B Vision),Meta,2024-09-25,MMLU-Pro,knowledge_hard,58.52,100,58.52
M070,LLaMA 3.2 (90B Vision),Meta,2024-09-25,HumanEval,coding,78.72,100,78.72
M070,LLaMA 3.2 (90B Vision),Meta,2024-09-25,GSM8K,math_grade,89.11,100,89.11
M070,LLaMA 3.2 (90B Vision),Meta,2024-09-25,MATH,math_competition,61.34,100,61.34
M070,LLaMA 3.2 (90B Vision),Meta,2024-09-25,AIME 2024,math_olympiad,13.99,100,13.99
M070,LLaMA 3.2 (90B Vision),Meta,2024-09-25,GPQA Diamond,science_phd,54.45,100,54.45
M070,LLaMA 3.2 (90B Vision),Meta,2024-09-25,HellaSwag,commonsense,96.44,100,96.44
M070,LLaMA 3.2 (90B Vision),Meta,2024-09-25,ARC-Challenge,reasoning,90.91,100,90.91
M070,LLaMA 3.2 (90B Vision),Meta,2024-09-25,TruthfulQA,truthfulness,64.72,100,64.72
M070,LLaMA 3.2 (90B Vision),Meta,2024-09-25,BBH,reasoning_hard,85.15,100,85.15
M070,LLaMA 3.2 (90B Vision),Meta,2024-09-25,SWE-Bench Verified,coding_agentic,10.12,100,10.12
M070,LLaMA 3.2 (90B Vision),Meta,2024-09-25,LiveCodeBench,coding_live,20.45,100,20.45
M070,LLaMA 3.2 (90B Vision),Meta,2024-09-25,MMMU,multimodal,62.23,100,62.23
M070,LLaMA 3.2 (90B Vision),Meta,2024-09-25,Chatbot Arena ELO,human_eval,1272.67,1500,84.84
M071,Qwen 2.5 (72B),Alibaba,2024-09-19,MMLU,knowledge,90.23,100,90.23
M071,Qwen 2.5 (72B),Alibaba,2024-09-19,MMLU-Pro,knowledge_hard,60.53,100,60.53
M071,Qwen 2.5 (72B),Alibaba,2024-09-19,HumanEval,coding,90.81,100,90.81
M071,Qwen 2.5 (72B),Alibaba,2024-09-19,GSM8K,math_grade,88.89,100,88.89
M071,Qwen 2.5 (72B),Alibaba,2024-09-19,MATH,math_competition,64.95,100,64.95
M071,Qwen 2.5 (72B),Alibaba,2024-09-19,AIME 2024,math_olympiad,13.95,100,13.95
M071,Qwen 2.5 (72B),Alibaba,2024-09-19,GPQA Diamond,science_phd,45.14,100,45.14
M071,Qwen 2.5 (72B),Alibaba,2024-09-19,HellaSwag,commonsense,93.66,100,93.66
M071,Qwen 2.5 (72B),Alibaba,2024-09-19,ARC-Challenge,reasoning,96.06,100,96.06
M071,Qwen 2.5 (72B),Alibaba,2024-09-19,TruthfulQA,truthfulness,63.25,100,63.25
M071,Qwen 2.5 (72B),Alibaba,2024-09-19,BBH,reasoning_hard,78.93,100,78.93
M071,Qwen 2.5 (72B),Alibaba,2024-09-19,SWE-Bench Verified,coding_agentic,14.52,100,14.52
M071,Qwen 2.5 (72B),Alibaba,2024-09-19,LiveCodeBench,coding_live,30.64,100,30.64
M071,Qwen 2.5 (72B),Alibaba,2024-09-19,MMMU,multimodal,50.88,100,50.88
M071,Qwen 2.5 (72B),Alibaba,2024-09-19,Chatbot Arena ELO,human_eval,1232.96,1500,82.2
M072,Mistral Large 2,Mistral,2024-07-24,MMLU,knowledge,86.68,100,86.68
M072,Mistral Large 2,Mistral,2024-07-24,MMLU-Pro,knowledge_hard,65.65,100,65.65
M072,Mistral Large 2,Mistral,2024-07-24,HumanEval,coding,89.13,100,89.13
M072,Mistral Large 2,Mistral,2024-07-24,GSM8K,math_grade,94.3,100,94.3
M072,Mistral Large 2,Mistral,2024-07-24,MATH,math_competition,60.44,100,60.44
M072,Mistral Large 2,Mistral,2024-07-24,AIME 2024,math_olympiad,9.4,100,9.4
M072,Mistral Large 2,Mistral,2024-07-24,GPQA Diamond,science_phd,51.79,100,51.79
M072,Mistral Large 2,Mistral,2024-07-24,HellaSwag,commonsense,97.25,100,97.25
M072,Mistral Large 2,Mistral,2024-07-24,ARC-Challenge,reasoning,95.65,100,95.65
M072,Mistral Large 2,Mistral,2024-07-24,TruthfulQA,truthfulness,64.06,100,64.06
M072,Mistral Large 2,Mistral,2024-07-24,BBH,reasoning_hard,82.83,100,82.83
M072,Mistral Large 2,Mistral,2024-07-24,SWE-Bench Verified,coding_agentic,15.79,100,15.79
M072,Mistral Large 2,Mistral,2024-07-24,LiveCodeBench,coding_live,28.89,100,28.89
M072,Mistral Large 2,Mistral,2024-07-24,Chatbot Arena ELO,human_eval,1305.56,1500,87.04
M073,DeepSeek V3,DeepSeek,2024-12-26,MMLU,knowledge,88.27,100,88.27
M073,DeepSeek V3,DeepSeek,2024-12-26,MMLU-Pro,knowledge_hard,56.74,100,56.74
M073,DeepSeek V3,DeepSeek,2024-12-26,HumanEval,coding,92.01,100,92.01
M073,DeepSeek V3,DeepSeek,2024-12-26,GSM8K,math_grade,95.56,100,95.56
M073,DeepSeek V3,DeepSeek,2024-12-26,MATH,math_competition,75.92,100,75.92
M073,DeepSeek V3,DeepSeek,2024-12-26,AIME 2024,math_olympiad,5.7,100,5.7
M073,DeepSeek V3,DeepSeek,2024-12-26,GPQA Diamond,science_phd,50.4,100,50.4
M073,DeepSeek V3,DeepSeek,2024-12-26,HellaSwag,commonsense,98.0,100,98.0
M073,DeepSeek V3,DeepSeek,2024-12-26,ARC-Challenge,reasoning,99.0,100,99.0
M073,DeepSeek V3,DeepSeek,2024-12-26,TruthfulQA,truthfulness,67.58,100,67.58
M073,DeepSeek V3,DeepSeek,2024-12-26,BBH,reasoning_hard,80.88,100,80.88
M073,DeepSeek V3,DeepSeek,2024-12-26,SWE-Bench Verified,coding_agentic,10.53,100,10.53
M073,DeepSeek V3,DeepSeek,2024-12-26,LiveCodeBench,coding_live,25.06,100,25.06
M074,Gemini 2.0 Flash,Google,2024-12-11,MMLU,knowledge,86.6,100,86.6
M074,Gemini 2.0 Flash,Google,2024-12-11,MMLU-Pro,knowledge_hard,57.05,100,57.05
M074,Gemini 2.0 Flash,Google,2024-12-11,HumanEval,coding,96.2,100,96.2
M074,Gemini 2.0 Flash,Google,2024-12-11,GSM8K,math_grade,97.36,100,97.36
M074,Gemini 2.0 Flash,Google,2024-12-11,MATH,math_competition,84.54,100,84.54
M074,Gemini 2.0 Flash,Google,2024-12-11,AIME 2024,math_olympiad,10.4,100,10.4
M074,Gemini 2.0 Flash,Google,2024-12-11,GPQA Diamond,science_phd,53.42,100,53.42
M074,Gemini 2.0 Flash,Google,2024-12-11,HellaSwag,commonsense,97.83,100,97.83
M074,Gemini 2.0 Flash,Google,2024-12-11,ARC-Challenge,reasoning,95.33,100,95.33
M074,Gemini 2.0 Flash,Google,2024-12-11,TruthfulQA,truthfulness,71.25,100,71.25
M074,Gemini 2.0 Flash,Google,2024-12-11,BBH,reasoning_hard,83.91,100,83.91
M074,Gemini 2.0 Flash,Google,2024-12-11,SWE-Bench Verified,coding_agentic,18.7,100,18.7
M074,Gemini 2.0 Flash,Google,2024-12-11,LiveCodeBench,coding_live,28.18,100,28.18
M074,Gemini 2.0 Flash,Google,2024-12-11,MMMU,multimodal,61.36,100,61.36
M074,Gemini 2.0 Flash,Google,2024-12-11,Chatbot Arena ELO,human_eval,1221.98,1500,81.47
M075,o1,OpenAI,2024-12-05,MMLU,knowledge,95.0,100,95.0
M075,o1,OpenAI,2024-12-05,MMLU-Pro,knowledge_hard,68.76,100,68.76
M075,o1,OpenAI,2024-12-05,HumanEval,coding,85.88,100,85.88
M075,o1,OpenAI,2024-12-05,GSM8K,math_grade,99.0,100,99.0
M075,o1,OpenAI,2024-12-05,MATH,math_competition,96.92,100,96.92
M075,o1,OpenAI,2024-12-05,AIME 2024,math_olympiad,41.8,100,41.8
M075,o1,OpenAI,2024-12-05,GPQA Diamond,science_phd,59.02,100,59.02
M075,o1,OpenAI,2024-12-05,HellaSwag,commonsense,98.0,100,98.0
M075,o1,OpenAI,2024-12-05,ARC-Challenge,reasoning,94.04,100,94.04
M075,o1,OpenAI,2024-12-05,TruthfulQA,truthfulness,66.01,100,66.01
M075,o1,OpenAI,2024-12-05,BBH,reasoning_hard,82.72,100,82.72
M075,o1,OpenAI,2024-12-05,SWE-Bench Verified,coding_agentic,21.98,100,21.98
M075,o1,OpenAI,2024-12-05,LiveCodeBench,coding_live,30.3,100,30.3
M075,o1,OpenAI,2024-12-05,Chatbot Arena ELO,human_eval,1273.08,1500,84.87
M076,Claude 3.5 Sonnet (New),Anthropic,2024-10-22,MMLU,knowledge,90.35,100,90.35
M076,Claude 3.5 Sonnet (New),Anthropic,2024-10-22,MMLU-Pro,knowledge_hard,61.66,100,61.66
M076,Claude 3.5 Sonnet (New),Anthropic,2024-10-22,HumanEval,coding,95.19,100,95.19
M076,Claude 3.5 Sonnet (New),Anthropic,2024-10-22,GSM8K,math_grade,94.68,100,94.68
M076,Claude 3.5 Sonnet (New),Anthropic,2024-10-22,MATH,math_competition,80.05,100,80.05
M076,Claude 3.5 Sonnet (New),Anthropic,2024-10-22,AIME 2024,math_olympiad,16.24,100,16.24
M076,Claude 3.5 Sonnet (New),Anthropic,2024-10-22,GPQA Diamond,science_phd,50.18,100,50.18
M076,Claude 3.5 Sonnet (New),Anthropic,2024-10-22,HellaSwag,commonsense,97.05,100,97.05
M076,Claude 3.5 Sonnet (New),Anthropic,2024-10-22,ARC-Challenge,reasoning,90.75,100,90.75
M076,Claude 3.5 Sonnet (New),Anthropic,2024-10-22,TruthfulQA,truthfulness,64.24,100,64.24
M076,Claude 3.5 Sonnet (New),Anthropic,2024-10-22,BBH,reasoning_hard,79.76,100,79.76
M076,Claude 3.5 Sonnet (New),Anthropic,2024-10-22,SWE-Bench Verified,coding_agentic,8.75,100,8.75
M076,Claude 3.5 Sonnet (New),Anthropic,2024-10-22,LiveCodeBench,coding_live,27.56,100,27.56
M076,Claude 3.5 Sonnet (New),Anthropic,2024-10-22,MMMU,multimodal,61.57,100,61.57
M076,Claude 3.5 Sonnet (New),Anthropic,2024-10-22,Chatbot Arena ELO,human_eval,1230.91,1500,82.06
M077,DeepSeek R1,DeepSeek,2025-01-20,MMLU,knowledge,95.0,100,95.0
M077,DeepSeek R1,DeepSeek,2025-01-20,MMLU-Pro,knowledge_hard,86.47,100,86.47
M077,DeepSeek R1,DeepSeek,2025-01-20,HumanEval,coding,99.0,100,99.0
M077,DeepSeek R1,DeepSeek,2025-01-20,GSM8K,math_grade,99.0,100,99.0
M077,DeepSeek R1,DeepSeek,2025-01-20,MATH,math_competition,90.16,100,90.16
M077,DeepSeek R1,DeepSeek,2025-01-20,AIME 2024,math_olympiad,65.77,100,65.77
M077,DeepSeek R1,DeepSeek,2025-01-20,GPQA Diamond,science_phd,65.67,100,65.67
M077,DeepSeek R1,DeepSeek,2025-01-20,HellaSwag,commonsense,98.0,100,98.0
M077,DeepSeek R1,DeepSeek,2025-01-20,ARC-Challenge,reasoning,95.14,100,95.14
M077,DeepSeek R1,DeepSeek,2025-01-20,TruthfulQA,truthfulness,78.44,100,78.44
M077,DeepSeek R1,DeepSeek,2025-01-20,BBH,reasoning_hard,94.3,100,94.3
M077,DeepSeek R1,DeepSeek,2025-01-20,SWE-Bench Verified,coding_agentic,39.34,100,39.34
M077,DeepSeek R1,DeepSeek,2025-01-20,LiveCodeBench,coding_live,43.78,100,43.78
M077,DeepSeek R1,DeepSeek,2025-01-20,Chatbot Arena ELO,human_eval,1367.83,1500,91.19
M078,o3-mini,OpenAI,2025-01-31,MMLU,knowledge,95.0,100,95.0
M078,o3-mini,OpenAI,2025-01-31,MMLU-Pro,knowledge_hard,79.49,100,79.49
M078,o3-mini,OpenAI,2025-01-31,HumanEval,coding,94.69,100,94.69
M078,o3-mini,OpenAI,2025-01-31,GSM8K,math_grade,99.0,100,99.0
M078,o3-mini,OpenAI,2025-01-31,MATH,math_competition,87.98,100,87.98
M078,o3-mini,OpenAI,2025-01-31,AIME 2024,math_olympiad,66.86,100,66.86
M078,o3-mini,OpenAI,2025-01-31,GPQA Diamond,science_phd,71.25,100,71.25
M078,o3-mini,OpenAI,2025-01-31,HellaSwag,commonsense,95.74,100,95.74
M078,o3-mini,OpenAI,2025-01-31,ARC-Challenge,reasoning,94.73,100,94.73
M078,o3-mini,OpenAI,2025-01-31,TruthfulQA,truthfulness,73.37,100,73.37
M078,o3-mini,OpenAI,2025-01-31,BBH,reasoning_hard,87.58,100,87.58
M078,o3-mini,OpenAI,2025-01-31,SWE-Bench Verified,coding_agentic,37.59,100,37.59
M078,o3-mini,OpenAI,2025-01-31,LiveCodeBench,coding_live,57.19,100,57.19
M078,o3-mini,OpenAI,2025-01-31,Chatbot Arena ELO,human_eval,1325.62,1500,88.37
M079,Gemini 2.0 Pro,Google,2025-02-05,MMLU,knowledge,88.16,100,88.16
M079,Gemini 2.0 Pro,Google,2025-02-05,MMLU-Pro,knowledge_hard,68.32,100,68.32
M079,Gemini 2.0 Pro,Google,2025-02-05,HumanEval,coding,94.12,100,94.12
M079,Gemini 2.0 Pro,Google,2025-02-05,GSM8K,math_grade,96.09,100,96.09
M079,Gemini 2.0 Pro,Google,2025-02-05,MATH,math_competition,79.53,100,79.53
M079,Gemini 2.0 Pro,Google,2025-02-05,AIME 2024,math_olympiad,56.07,100,56.07
M079,Gemini 2.0 Pro,Google,2025-02-05,GPQA Diamond,science_phd,51.31,100,51.31
M079,Gemini 2.0 Pro,Google,2025-02-05,HellaSwag,commonsense,98.0,100,98.0
M079,Gemini 2.0 Pro,Google,2025-02-05,ARC-Challenge,reasoning,98.68,100,98.68
M079,Gemini 2.0 Pro,Google,2025-02-05,TruthfulQA,truthfulness,66.36,100,66.36
M079,Gemini 2.0 Pro,Google,2025-02-05,BBH,reasoning_hard,85.86,100,85.86
M079,Gemini 2.0 Pro,Google,2025-02-05,SWE-Bench Verified,coding_agentic,31.24,100,31.24
M079,Gemini 2.0 Pro,Google,2025-02-05,LiveCodeBench,coding_live,40.53,100,40.53
M079,Gemini 2.0 Pro,Google,2025-02-05,MMMU,multimodal,66.69,100,66.69
M079,Gemini 2.0 Pro,Google,2025-02-05,Chatbot Arena ELO,human_eval,1387.34,1500,92.49
M080,Claude 3.7 Sonnet,Anthropic,2025-02-24,MMLU,knowledge,95.0,100,95.0
M080,Claude 3.7 Sonnet,Anthropic,2025-02-24,MMLU-Pro,knowledge_hard,81.19,100,81.19
M080,Claude 3.7 Sonnet,Anthropic,2025-02-24,HumanEval,coding,99.0,100,99.0
M080,Claude 3.7 Sonnet,Anthropic,2025-02-24,GSM8K,math_grade,99.0,100,99.0
M080,Claude 3.7 Sonnet,Anthropic,2025-02-24,MATH,math_competition,97.01,100,97.01
M080,Claude 3.7 Sonnet,Anthropic,2025-02-24,AIME 2024,math_olympiad,69.53,100,69.53
M080,Claude 3.7 Sonnet,Anthropic,2025-02-24,GPQA Diamond,science_phd,70.52,100,70.52
M080,Claude 3.7 Sonnet,Anthropic,2025-02-24,HellaSwag,commonsense,98.0,100,98.0
M080,Claude 3.7 Sonnet,Anthropic,2025-02-24,ARC-Challenge,reasoning,99.0,100,99.0
M080,Claude 3.7 Sonnet,Anthropic,2025-02-24,TruthfulQA,truthfulness,76.26,100,76.26
M080,Claude 3.7 Sonnet,Anthropic,2025-02-24,BBH,reasoning_hard,88.88,100,88.88
M080,Claude 3.7 Sonnet,Anthropic,2025-02-24,SWE-Bench Verified,coding_agentic,44.84,100,44.84
M080,Claude 3.7 Sonnet,Anthropic,2025-02-24,LiveCodeBench,coding_live,48.19,100,48.19
M080,Claude 3.7 Sonnet,Anthropic,2025-02-24,MMMU,multimodal,66.04,100,66.04
M080,Claude 3.7 Sonnet,Anthropic,2025-02-24,Chatbot Arena ELO,human_eval,1398.23,1500,93.22
M081,Grok-3,xAI,2025-02-17,MMLU,knowledge,95.0,100,95.0
M081,Grok-3,xAI,2025-02-17,MMLU-Pro,knowledge_hard,75.93,100,75.93
M081,Grok-3,xAI,2025-02-17,HumanEval,coding,94.06,100,94.06
M081,Grok-3,xAI,2025-02-17,GSM8K,math_grade,97.01,100,97.01
M081,Grok-3,xAI,2025-02-17,MATH,math_competition,81.7,100,81.7
M081,Grok-3,xAI,2025-02-17,AIME 2024,math_olympiad,40.32,100,40.32
M081,Grok-3,xAI,2025-02-17,GPQA Diamond,science_phd,64.67,100,64.67
M081,Grok-3,xAI,2025-02-17,HellaSwag,commonsense,96.08,100,96.08
M081,Grok-3,xAI,2025-02-17,ARC-Challenge,reasoning,89.67,100,89.67
M081,Grok-3,xAI,2025-02-17,TruthfulQA,truthfulness,71.71,100,71.71
M081,Grok-3,xAI,2025-02-17,BBH,reasoning_hard,87.25,100,87.25
M081,Grok-3,xAI,2025-02-17,SWE-Bench Verified,coding_agentic,31.53,100,31.53
M081,Grok-3,xAI,2025-02-17,LiveCodeBench,coding_live,49.16,100,49.16
M081,Grok-3,xAI,2025-02-17,MMMU,multimodal,62.63,100,62.63
M081,Grok-3,xAI,2025-02-17,Chatbot Arena ELO,human_eval,1338.28,1500,89.22
M082,GPT-4.5,OpenAI,2025-02-27,MMLU,knowledge,95.0,100,95.0
M082,GPT-4.5,OpenAI,2025-02-27,MMLU-Pro,knowledge_hard,76.1,100,76.1
M082,GPT-4.5,OpenAI,2025-02-27,HumanEval,coding,95.12,100,95.12
M082,GPT-4.5,OpenAI,2025-02-27,GSM8K,math_grade,92.98,100,92.98
M082,GPT-4.5,OpenAI,2025-02-27,MATH,math_competition,82.9,100,82.9
M082,GPT-4.5,OpenAI,2025-02-27,AIME 2024,math_olympiad,50.32,100,50.32
M082,GPT-4.5,OpenAI,2025-02-27,GPQA Diamond,science_phd,54.43,100,54.43
M082,GPT-4.5,OpenAI,2025-02-27,HellaSwag,commonsense,94.7,100,94.7
M082,GPT-4.5,OpenAI,2025-02-27,ARC-Challenge,reasoning,93.96,100,93.96
M082,GPT-4.5,OpenAI,2025-02-27,TruthfulQA,truthfulness,70.9,100,70.9
M082,GPT-4.5,OpenAI,2025-02-27,BBH,reasoning_hard,86.69,100,86.69
M082,GPT-4.5,OpenAI,2025-02-27,SWE-Bench Verified,coding_agentic,34.86,100,34.86
M082,GPT-4.5,OpenAI,2025-02-27,LiveCodeBench,coding_live,46.13,100,46.13
M082,GPT-4.5,OpenAI,2025-02-27,MMMU,multimodal,71.79,100,71.79
M082,GPT-4.5,OpenAI,2025-02-27,Chatbot Arena ELO,human_eval,1322.85,1500,88.19
M083,Qwen 2.5 Max,Alibaba,2025-01-28,MMLU,knowledge,92.04,100,92.04
M083,Qwen 2.5 Max,Alibaba,2025-01-28,MMLU-Pro,knowledge_hard,71.26,100,71.26
M083,Qwen 2.5 Max,Alibaba,2025-01-28,HumanEval,coding,95.16,100,95.16
M083,Qwen 2.5 Max,Alibaba,2025-01-28,GSM8K,math_grade,99.0,100,99.0
M083,Qwen 2.5 Max,Alibaba,2025-01-28,MATH,math_competition,78.27,100,78.27
M083,Qwen 2.5 Max,Alibaba,2025-01-28,AIME 2024,math_olympiad,37.49,100,37.49
M083,Qwen 2.5 Max,Alibaba,2025-01-28,GPQA Diamond,science_phd,55.18,100,55.18
M083,Qwen 2.5 Max,Alibaba,2025-01-28,HellaSwag,commonsense,96.1,100,96.1
M083,Qwen 2.5 Max,Alibaba,2025-01-28,ARC-Challenge,reasoning,92.33,100,92.33
M083,Qwen 2.5 Max,Alibaba,2025-01-28,TruthfulQA,truthfulness,69.96,100,69.96
M083,Qwen 2.5 Max,Alibaba,2025-01-28,BBH,reasoning_hard,87.12,100,87.12
M083,Qwen 2.5 Max,Alibaba,2025-01-28,SWE-Bench Verified,coding_agentic,33.44,100,33.44
M083,Qwen 2.5 Max,Alibaba,2025-01-28,LiveCodeBench,coding_live,50.25,100,50.25
M083,Qwen 2.5 Max,Alibaba,2025-01-28,MMMU,multimodal,65.3,100,65.3
M084,LLaMA 4 (109B),Meta,2025-04-05,MMLU,knowledge,90.6,100,90.6
M084,LLaMA 4 (109B),Meta,2025-04-05,MMLU-Pro,knowledge_hard,74.55,100,74.55
M084,LLaMA 4 (109B),Meta,2025-04-05,HumanEval,coding,87.86,100,87.86
M084,LLaMA 4 (109B),Meta,2025-04-05,GSM8K,math_grade,97.17,100,97.17
M084,LLaMA 4 (109B),Meta,2025-04-05,MATH,math_competition,80.41,100,80.41
M084,LLaMA 4 (109B),Meta,2025-04-05,AIME 2024,math_olympiad,49.26,100,49.26
M084,LLaMA 4 (109B),Meta,2025-04-05,GPQA Diamond,science_phd,68.35,100,68.35
M084,LLaMA 4 (109B),Meta,2025-04-05,HellaSwag,commonsense,95.81,100,95.81
M084,LLaMA 4 (109B),Meta,2025-04-05,ARC-Challenge,reasoning,99.0,100,99.0
M084,LLaMA 4 (109B),Meta,2025-04-05,TruthfulQA,truthfulness,70.87,100,70.87
M084,LLaMA 4 (109B),Meta,2025-04-05,BBH,reasoning_hard,83.17,100,83.17
M084,LLaMA 4 (109B),Meta,2025-04-05,SWE-Bench Verified,coding_agentic,35.35,100,35.35
M084,LLaMA 4 (109B),Meta,2025-04-05,LiveCodeBench,coding_live,39.62,100,39.62
M084,LLaMA 4 (109B),Meta,2025-04-05,MMMU,multimodal,64.99,100,64.99
M084,LLaMA 4 (109B),Meta,2025-04-05,Chatbot Arena ELO,human_eval,1352.47,1500,90.16
M085,LLaMA 4 Maverick,Meta,2025-04-05,MMLU,knowledge,95.0,100,95.0
M085,LLaMA 4 Maverick,Meta,2025-04-05,MMLU-Pro,knowledge_hard,72.94,100,72.94
M085,LLaMA 4 Maverick,Meta,2025-04-05,HumanEval,coding,97.95,100,97.95
M085,LLaMA 4 Maverick,Meta,2025-04-05,GSM8K,math_grade,99.0,100,99.0
M085,LLaMA 4 Maverick,Meta,2025-04-05,MATH,math_competition,85.75,100,85.75
M085,LLaMA 4 Maverick,Meta,2025-04-05,AIME 2024,math_olympiad,52.65,100,52.65
M085,LLaMA 4 Maverick,Meta,2025-04-05,GPQA Diamond,science_phd,67.45,100,67.45
M085,LLaMA 4 Maverick,Meta,2025-04-05,HellaSwag,commonsense,94.14,100,94.14
M085,LLaMA 4 Maverick,Meta,2025-04-05,ARC-Challenge,reasoning,93.05,100,93.05
M085,LLaMA 4 Maverick,Meta,2025-04-05,TruthfulQA,truthfulness,67.66,100,67.66
M085,LLaMA 4 Maverick,Meta,2025-04-05,BBH,reasoning_hard,87.36,100,87.36
M085,LLaMA 4 Maverick,Meta,2025-04-05,SWE-Bench Verified,coding_agentic,32.14,100,32.14
M085,LLaMA 4 Maverick,Meta,2025-04-05,LiveCodeBench,coding_live,44.17,100,44.17
M085,LLaMA 4 Maverick,Meta,2025-04-05,MMMU,multimodal,75.53,100,75.53
M086,LLaMA 4 Behemoth,Meta,2025-04-05,MMLU,knowledge,95.0,100,95.0
M086,LLaMA 4 Behemoth,Meta,2025-04-05,MMLU-Pro,knowledge_hard,78.14,100,78.14
M086,LLaMA 4 Behemoth,Meta,2025-04-05,HumanEval,coding,93.07,100,93.07
M086,LLaMA 4 Behemoth,Meta,2025-04-05,GSM8K,math_grade,96.23,100,96.23
M086,LLaMA 4 Behemoth,Meta,2025-04-05,MATH,math_competition,80.02,100,80.02
M086,LLaMA 4 Behemoth,Meta,2025-04-05,AIME 2024,math_olympiad,52.24,100,52.24
M086,LLaMA 4 Behemoth,Meta,2025-04-05,GPQA Diamond,science_phd,66.66,100,66.66
M086,LLaMA 4 Behemoth,Meta,2025-04-05,HellaSwag,commonsense,98.0,100,98.0
M086,LLaMA 4 Behemoth,Meta,2025-04-05,ARC-Challenge,reasoning,94.93,100,94.93
M086,LLaMA 4 Behemoth,Meta,2025-04-05,TruthfulQA,truthfulness,74.95,100,74.95
M086,LLaMA 4 Behemoth,Meta,2025-04-05,BBH,reasoning_hard,83.55,100,83.55
M086,LLaMA 4 Behemoth,Meta,2025-04-05,SWE-Bench Verified,coding_agentic,34.56,100,34.56
M086,LLaMA 4 Behemoth,Meta,2025-04-05,LiveCodeBench,coding_live,49.7,100,49.7
M086,LLaMA 4 Behemoth,Meta,2025-04-05,MMMU,multimodal,71.46,100,71.46
M087,Gemini 2.5 Pro,Google,2025-03-25,MMLU,knowledge,95.0,100,95.0
M087,Gemini 2.5 Pro,Google,2025-03-25,MMLU-Pro,knowledge_hard,85.47,100,85.47
M087,Gemini 2.5 Pro,Google,2025-03-25,HumanEval,coding,98.96,100,98.96
M087,Gemini 2.5 Pro,Google,2025-03-25,GSM8K,math_grade,99.0,100,99.0
M087,Gemini 2.5 Pro,Google,2025-03-25,MATH,math_competition,91.16,100,91.16
M087,Gemini 2.5 Pro,Google,2025-03-25,AIME 2024,math_olympiad,68.22,100,68.22
M087,Gemini 2.5 Pro,Google,2025-03-25,GPQA Diamond,science_phd,71.34,100,71.34
M087,Gemini 2.5 Pro,Google,2025-03-25,HellaSwag,commonsense,92.04,100,92.04
M087,Gemini 2.5 Pro,Google,2025-03-25,ARC-Challenge,reasoning,95.15,100,95.15
M087,Gemini 2.5 Pro,Google,2025-03-25,TruthfulQA,truthfulness,53.76,100,53.76
M087,Gemini 2.5 Pro,Google,2025-03-25,BBH,reasoning_hard,85.83,100,85.83
M087,Gemini 2.5 Pro,Google,2025-03-25,SWE-Bench Verified,coding_agentic,42.26,100,42.26
M087,Gemini 2.5 Pro,Google,2025-03-25,LiveCodeBench,coding_live,52.39,100,52.39
M087,Gemini 2.5 Pro,Google,2025-03-25,MMMU,multimodal,63.35,100,63.35
M087,Gemini 2.5 Pro,Google,2025-03-25,Chatbot Arena ELO,human_eval,1352.67,1500,90.18
M088,o4-mini,OpenAI,2025-04-16,MMLU,knowledge,95.0,100,95.0
M088,o4-mini,OpenAI,2025-04-16,MMLU-Pro,knowledge_hard,79.26,100,79.26
M088,o4-mini,OpenAI,2025-04-16,HumanEval,coding,99.0,100,99.0
M088,o4-mini,OpenAI,2025-04-16,GSM8K,math_grade,99.0,100,99.0
M088,o4-mini,OpenAI,2025-04-16,MATH,math_competition,91.63,100,91.63
M088,o4-mini,OpenAI,2025-04-16,AIME 2024,math_olympiad,78.08,100,78.08
M088,o4-mini,OpenAI,2025-04-16,GPQA Diamond,science_phd,70.52,100,70.52
M088,o4-mini,OpenAI,2025-04-16,HellaSwag,commonsense,94.85,100,94.85
M088,o4-mini,OpenAI,2025-04-16,ARC-Challenge,reasoning,93.67,100,93.67
M088,o4-mini,OpenAI,2025-04-16,TruthfulQA,truthfulness,71.82,100,71.82
M088,o4-mini,OpenAI,2025-04-16,BBH,reasoning_hard,86.91,100,86.91
M088,o4-mini,OpenAI,2025-04-16,SWE-Bench Verified,coding_agentic,38.72,100,38.72
M088,o4-mini,OpenAI,2025-04-16,LiveCodeBench,coding_live,46.29,100,46.29
M088,o4-mini,OpenAI,2025-04-16,MMMU,multimodal,71.7,100,71.7
M088,o4-mini,OpenAI,2025-04-16,Chatbot Arena ELO,human_eval,1364.58,1500,90.97
M089,o3,OpenAI,2025-04-16,MMLU,knowledge,95.0,100,95.0
M089,o3,OpenAI,2025-04-16,MMLU-Pro,knowledge_hard,83.39,100,83.39
M089,o3,OpenAI,2025-04-16,HumanEval,coding,97.89,100,97.89
M089,o3,OpenAI,2025-04-16,GSM8K,math_grade,99.0,100,99.0
M089,o3,OpenAI,2025-04-16,MATH,math_competition,86.0,100,86.0
M089,o3,OpenAI,2025-04-16,AIME 2024,math_olympiad,64.79,100,64.79
M089,o3,OpenAI,2025-04-16,GPQA Diamond,science_phd,74.42,100,74.42
M089,o3,OpenAI,2025-04-16,HellaSwag,commonsense,97.53,100,97.53
M089,o3,OpenAI,2025-04-16,ARC-Challenge,reasoning,89.75,100,89.75
M089,o3,OpenAI,2025-04-16,TruthfulQA,truthfulness,74.22,100,74.22
M089,o3,OpenAI,2025-04-16,BBH,reasoning_hard,92.39,100,92.39
M089,o3,OpenAI,2025-04-16,SWE-Bench Verified,coding_agentic,32.35,100,32.35
M089,o3,OpenAI,2025-04-16,LiveCodeBench,coding_live,51.15,100,51.15
M089,o3,OpenAI,2025-04-16,MMMU,multimodal,70.94,100,70.94
M089,o3,OpenAI,2025-04-16,Chatbot Arena ELO,human_eval,1389.78,1500,92.65
M090,Claude 4 Opus,Anthropic,2025-05-22,MMLU,knowledge,95.0,100,95.0
M090,Claude 4 Opus,Anthropic,2025-05-22,MMLU-Pro,knowledge_hard,78.88,100,78.88
M090,Claude 4 Opus,Anthropic,2025-05-22,HumanEval,coding,98.32,100,98.32
M090,Claude 4 Opus,Anthropic,2025-05-22,GSM8K,math_grade,99.0,100,99.0
M090,Claude 4 Opus,Anthropic,2025-05-22,MATH,math_competition,88.07,100,88.07
M090,Claude 4 Opus,Anthropic,2025-05-22,AIME 2024,math_olympiad,74.35,100,74.35
M090,Claude 4 Opus,Anthropic,2025-05-22,GPQA Diamond,science_phd,75.92,100,75.92
M090,Claude 4 Opus,Anthropic,2025-05-22,HellaSwag,commonsense,98.0,100,98.0
M090,Claude 4 Opus,Anthropic,2025-05-22,ARC-Challenge,reasoning,97.94,100,97.94
M090,Claude 4 Opus,Anthropic,2025-05-22,TruthfulQA,truthfulness,71.45,100,71.45
M090,Claude 4 Opus,Anthropic,2025-05-22,BBH,reasoning_hard,92.06,100,92.06
M090,Claude 4 Opus,Anthropic,2025-05-22,SWE-Bench Verified,coding_agentic,43.83,100,43.83
M090,Claude 4 Opus,Anthropic,2025-05-22,LiveCodeBench,coding_live,50.61,100,50.61
M090,Claude 4 Opus,Anthropic,2025-05-22,MMMU,multimodal,68.52,100,68.52
M090,Claude 4 Opus,Anthropic,2025-05-22,Chatbot Arena ELO,human_eval,1400.2,1500,93.35
M091,Claude 4 Sonnet,Anthropic,2025-05-22,MMLU,knowledge,94.81,100,94.81
M091,Claude 4 Sonnet,Anthropic,2025-05-22,MMLU-Pro,knowledge_hard,72.01,100,72.01
M091,Claude 4 Sonnet,Anthropic,2025-05-22,HumanEval,coding,92.34,100,92.34
M091,Claude 4 Sonnet,Anthropic,2025-05-22,GSM8K,math_grade,97.9,100,97.9
M091,Claude 4 Sonnet,Anthropic,2025-05-22,MATH,math_competition,80.01,100,80.01
M091,Claude 4 Sonnet,Anthropic,2025-05-22,AIME 2024,math_olympiad,51.7,100,51.7
M091,Claude 4 Sonnet,Anthropic,2025-05-22,GPQA Diamond,science_phd,64.68,100,64.68
M091,Claude 4 Sonnet,Anthropic,2025-05-22,HellaSwag,commonsense,96.85,100,96.85
M091,Claude 4 Sonnet,Anthropic,2025-05-22,ARC-Challenge,reasoning,96.27,100,96.27
M091,Claude 4 Sonnet,Anthropic,2025-05-22,TruthfulQA,truthfulness,73.89,100,73.89
M091,Claude 4 Sonnet,Anthropic,2025-05-22,BBH,reasoning_hard,83.3,100,83.3
M091,Claude 4 Sonnet,Anthropic,2025-05-22,SWE-Bench Verified,coding_agentic,42.21,100,42.21
M091,Claude 4 Sonnet,Anthropic,2025-05-22,LiveCodeBench,coding_live,42.5,100,42.5
M091,Claude 4 Sonnet,Anthropic,2025-05-22,MMMU,multimodal,61.38,100,61.38
M091,Claude 4 Sonnet,Anthropic,2025-05-22,Chatbot Arena ELO,human_eval,1314.62,1500,87.64
M092,Mistral Medium 3,Mistral,2025-05-07,MMLU,knowledge,89.16,100,89.16
M092,Mistral Medium 3,Mistral,2025-05-07,MMLU-Pro,knowledge_hard,72.69,100,72.69
M092,Mistral Medium 3,Mistral,2025-05-07,HumanEval,coding,92.9,100,92.9
M092,Mistral Medium 3,Mistral,2025-05-07,GSM8K,math_grade,94.99,100,94.99
M092,Mistral Medium 3,Mistral,2025-05-07,MATH,math_competition,82.48,100,82.48
M092,Mistral Medium 3,Mistral,2025-05-07,AIME 2024,math_olympiad,51.7,100,51.7
M092,Mistral Medium 3,Mistral,2025-05-07,GPQA Diamond,science_phd,63.26,100,63.26
M092,Mistral Medium 3,Mistral,2025-05-07,HellaSwag,commonsense,97.59,100,97.59
M092,Mistral Medium 3,Mistral,2025-05-07,ARC-Challenge,reasoning,95.85,100,95.85
M092,Mistral Medium 3,Mistral,2025-05-07,TruthfulQA,truthfulness,61.46,100,61.46
M092,Mistral Medium 3,Mistral,2025-05-07,BBH,reasoning_hard,85.91,100,85.91
M092,Mistral Medium 3,Mistral,2025-05-07,SWE-Bench Verified,coding_agentic,24.1,100,24.1
M092,Mistral Medium 3,Mistral,2025-05-07,LiveCodeBench,coding_live,45.18,100,45.18
M092,Mistral Medium 3,Mistral,2025-05-07,MMMU,multimodal,67.98,100,67.98
M092,Mistral Medium 3,Mistral,2025-05-07,Chatbot Arena ELO,human_eval,1369.04,1500,91.27
M093,DeepSeek V3.1,DeepSeek,2025-08-21,MMLU,knowledge,95.0,100,95.0
M093,DeepSeek V3.1,DeepSeek,2025-08-21,MMLU-Pro,knowledge_hard,76.12,100,76.12
M093,DeepSeek V3.1,DeepSeek,2025-08-21,HumanEval,coding,92.0,100,92.0
M093,DeepSeek V3.1,DeepSeek,2025-08-21,GSM8K,math_grade,97.46,100,97.46
M093,DeepSeek V3.1,DeepSeek,2025-08-21,MATH,math_competition,85.89,100,85.89
M093,DeepSeek V3.1,DeepSeek,2025-08-21,AIME 2024,math_olympiad,74.99,100,74.99
M093,DeepSeek V3.1,DeepSeek,2025-08-21,GPQA Diamond,science_phd,78.94,100,78.94
M093,DeepSeek V3.1,DeepSeek,2025-08-21,HellaSwag,commonsense,97.14,100,97.14
M093,DeepSeek V3.1,DeepSeek,2025-08-21,ARC-Challenge,reasoning,96.42,100,96.42
M093,DeepSeek V3.1,DeepSeek,2025-08-21,TruthfulQA,truthfulness,75.39,100,75.39
M093,DeepSeek V3.1,DeepSeek,2025-08-21,BBH,reasoning_hard,84.14,100,84.14
M093,DeepSeek V3.1,DeepSeek,2025-08-21,SWE-Bench Verified,coding_agentic,59.87,100,59.87
M093,DeepSeek V3.1,DeepSeek,2025-08-21,LiveCodeBench,coding_live,68.49,100,68.49
M093,DeepSeek V3.1,DeepSeek,2025-08-21,MMMU,multimodal,75.41,100,75.41
M094,DeepSeek R2,DeepSeek,2025-09-15,MMLU,knowledge,95.0,100,95.0
M094,DeepSeek R2,DeepSeek,2025-09-15,MMLU-Pro,knowledge_hard,80.93,100,80.93
M094,DeepSeek R2,DeepSeek,2025-09-15,HumanEval,coding,94.85,100,94.85
M094,DeepSeek R2,DeepSeek,2025-09-15,GSM8K,math_grade,99.0,100,99.0
M094,DeepSeek R2,DeepSeek,2025-09-15,MATH,math_competition,94.18,100,94.18
M094,DeepSeek R2,DeepSeek,2025-09-15,AIME 2024,math_olympiad,97.19,100,97.19
M094,DeepSeek R2,DeepSeek,2025-09-15,GPQA Diamond,science_phd,78.03,100,78.03
M094,DeepSeek R2,DeepSeek,2025-09-15,HellaSwag,commonsense,97.85,100,97.85
M094,DeepSeek R2,DeepSeek,2025-09-15,ARC-Challenge,reasoning,94.33,100,94.33
M094,DeepSeek R2,DeepSeek,2025-09-15,TruthfulQA,truthfulness,84.23,100,84.23
M094,DeepSeek R2,DeepSeek,2025-09-15,BBH,reasoning_hard,86.87,100,86.87
M094,DeepSeek R2,DeepSeek,2025-09-15,SWE-Bench Verified,coding_agentic,67.36,100,67.36
M094,DeepSeek R2,DeepSeek,2025-09-15,LiveCodeBench,coding_live,70.75,100,70.75
M094,DeepSeek R2,DeepSeek,2025-09-15,MMMU,multimodal,76.64,100,76.64
M094,DeepSeek R2,DeepSeek,2025-09-15,Chatbot Arena ELO,human_eval,1431.09,1500,95.41
M095,Grok-4,xAI,2025-07-09,MMLU,knowledge,95.0,100,95.0
M095,Grok-4,xAI,2025-07-09,MMLU-Pro,knowledge_hard,83.25,100,83.25
M095,Grok-4,xAI,2025-07-09,HumanEval,coding,99.0,100,99.0
M095,Grok-4,xAI,2025-07-09,GSM8K,math_grade,98.63,100,98.63
M095,Grok-4,xAI,2025-07-09,MATH,math_competition,98.0,100,98.0
M095,Grok-4,xAI,2025-07-09,AIME 2024,math_olympiad,91.78,100,91.78
M095,Grok-4,xAI,2025-07-09,GPQA Diamond,science_phd,82.76,100,82.76
M095,Grok-4,xAI,2025-07-09,HellaSwag,commonsense,96.21,100,96.21
M095,Grok-4,xAI,2025-07-09,ARC-Challenge,reasoning,95.37,100,95.37
M095,Grok-4,xAI,2025-07-09,TruthfulQA,truthfulness,79.23,100,79.23
M095,Grok-4,xAI,2025-07-09,BBH,reasoning_hard,90.77,100,90.77
M095,Grok-4,xAI,2025-07-09,SWE-Bench Verified,coding_agentic,59.02,100,59.02
M095,Grok-4,xAI,2025-07-09,LiveCodeBench,coding_live,64.43,100,64.43
M095,Grok-4,xAI,2025-07-09,MMMU,multimodal,74.08,100,74.08
M095,Grok-4,xAI,2025-07-09,Chatbot Arena ELO,human_eval,1380.76,1500,92.05
M096,Gemini 3.0 Pro,Google,2025-09-30,MMLU,knowledge,95.0,100,95.0
M096,Gemini 3.0 Pro,Google,2025-09-30,MMLU-Pro,knowledge_hard,84.01,100,84.01
M096,Gemini 3.0 Pro,Google,2025-09-30,HumanEval,coding,99.0,100,99.0
M096,Gemini 3.0 Pro,Google,2025-09-30,GSM8K,math_grade,99.0,100,99.0
M096,Gemini 3.0 Pro,Google,2025-09-30,MATH,math_competition,95.65,100,95.65
M096,Gemini 3.0 Pro,Google,2025-09-30,AIME 2024,math_olympiad,98.0,100,98.0
M096,Gemini 3.0 Pro,Google,2025-09-30,GPQA Diamond,science_phd,83.98,100,83.98
M096,Gemini 3.0 Pro,Google,2025-09-30,HellaSwag,commonsense,97.86,100,97.86
M096,Gemini 3.0 Pro,Google,2025-09-30,ARC-Challenge,reasoning,95.3,100,95.3
M096,Gemini 3.0 Pro,Google,2025-09-30,TruthfulQA,truthfulness,72.31,100,72.31
M096,Gemini 3.0 Pro,Google,2025-09-30,BBH,reasoning_hard,91.33,100,91.33
M096,Gemini 3.0 Pro,Google,2025-09-30,SWE-Bench Verified,coding_agentic,57.96,100,57.96
M096,Gemini 3.0 Pro,Google,2025-09-30,LiveCodeBench,coding_live,63.01,100,63.01
M096,Gemini 3.0 Pro,Google,2025-09-30,MMMU,multimodal,68.83,100,68.83
M096,Gemini 3.0 Pro,Google,2025-09-30,Chatbot Arena ELO,human_eval,1446.27,1500,96.42
M097,Claude 4.5 Sonnet,Anthropic,2025-09-29,MMLU,knowledge,94.89,100,94.89
M097,Claude 4.5 Sonnet,Anthropic,2025-09-29,MMLU-Pro,knowledge_hard,72.84,100,72.84
M097,Claude 4.5 Sonnet,Anthropic,2025-09-29,HumanEval,coding,94.03,100,94.03
M097,Claude 4.5 Sonnet,Anthropic,2025-09-29,GSM8K,math_grade,98.38,100,98.38
M097,Claude 4.5 Sonnet,Anthropic,2025-09-29,MATH,math_competition,88.72,100,88.72
M097,Claude 4.5 Sonnet,Anthropic,2025-09-29,AIME 2024,math_olympiad,71.72,100,71.72
M097,Claude 4.5 Sonnet,Anthropic,2025-09-29,GPQA Diamond,science_phd,79.91,100,79.91
M097,Claude 4.5 Sonnet,Anthropic,2025-09-29,HellaSwag,commonsense,98.0,100,98.0
M097,Claude 4.5 Sonnet,Anthropic,2025-09-29,ARC-Challenge,reasoning,95.48,100,95.48
M097,Claude 4.5 Sonnet,Anthropic,2025-09-29,TruthfulQA,truthfulness,76.87,100,76.87
M097,Claude 4.5 Sonnet,Anthropic,2025-09-29,BBH,reasoning_hard,90.73,100,90.73
M097,Claude 4.5 Sonnet,Anthropic,2025-09-29,SWE-Bench Verified,coding_agentic,60.65,100,60.65
M097,Claude 4.5 Sonnet,Anthropic,2025-09-29,LiveCodeBench,coding_live,68.07,100,68.07
M097,Claude 4.5 Sonnet,Anthropic,2025-09-29,MMMU,multimodal,77.39,100,77.39
M097,Claude 4.5 Sonnet,Anthropic,2025-09-29,Chatbot Arena ELO,human_eval,1413.75,1500,94.25
M098,Claude 4.5 Opus,Anthropic,2025-10-15,MMLU,knowledge,95.0,100,95.0
M098,Claude 4.5 Opus,Anthropic,2025-10-15,MMLU-Pro,knowledge_hard,85.64,100,85.64
M098,Claude 4.5 Opus,Anthropic,2025-10-15,HumanEval,coding,91.58,100,91.58
M098,Claude 4.5 Opus,Anthropic,2025-10-15,GSM8K,math_grade,97.62,100,97.62
M098,Claude 4.5 Opus,Anthropic,2025-10-15,MATH,math_competition,98.0,100,98.0
M098,Claude 4.5 Opus,Anthropic,2025-10-15,AIME 2024,math_olympiad,98.0,100,98.0
M098,Claude 4.5 Opus,Anthropic,2025-10-15,GPQA Diamond,science_phd,88.95,100,88.95
M098,Claude 4.5 Opus,Anthropic,2025-10-15,HellaSwag,commonsense,97.72,100,97.72
M098,Claude 4.5 Opus,Anthropic,2025-10-15,ARC-Challenge,reasoning,90.54,100,90.54
M098,Claude 4.5 Opus,Anthropic,2025-10-15,TruthfulQA,truthfulness,70.8,100,70.8
M098,Claude 4.5 Opus,Anthropic,2025-10-15,BBH,reasoning_hard,91.31,100,91.31
M098,Claude 4.5 Opus,Anthropic,2025-10-15,SWE-Bench Verified,coding_agentic,60.39,100,60.39
M098,Claude 4.5 Opus,Anthropic,2025-10-15,LiveCodeBench,coding_live,75.67,100,75.67
M098,Claude 4.5 Opus,Anthropic,2025-10-15,MMMU,multimodal,73.55,100,73.55
M098,Claude 4.5 Opus,Anthropic,2025-10-15,Chatbot Arena ELO,human_eval,1438.24,1500,95.88
M099,GPT-5,OpenAI,2025-08-07,MMLU,knowledge,95.0,100,95.0
M099,GPT-5,OpenAI,2025-08-07,MMLU-Pro,knowledge_hard,86.35,100,86.35
M099,GPT-5,OpenAI,2025-08-07,HumanEval,coding,97.01,100,97.01
M099,GPT-5,OpenAI,2025-08-07,GSM8K,math_grade,97.75,100,97.75
M099,GPT-5,OpenAI,2025-08-07,MATH,math_competition,97.06,100,97.06
M099,GPT-5,OpenAI,2025-08-07,AIME 2024,math_olympiad,94.08,100,94.08
M099,GPT-5,OpenAI,2025-08-07,GPQA Diamond,science_phd,81.92,100,81.92
M099,GPT-5,OpenAI,2025-08-07,HellaSwag,commonsense,98.0,100,98.0
M099,GPT-5,OpenAI,2025-08-07,ARC-Challenge,reasoning,93.7,100,93.7
M099,GPT-5,OpenAI,2025-08-07,TruthfulQA,truthfulness,70.78,100,70.78
M099,GPT-5,OpenAI,2025-08-07,BBH,reasoning_hard,84.71,100,84.71
M099,GPT-5,OpenAI,2025-08-07,SWE-Bench Verified,coding_agentic,55.53,100,55.53
M099,GPT-5,OpenAI,2025-08-07,LiveCodeBench,coding_live,68.68,100,68.68
M099,GPT-5,OpenAI,2025-08-07,MMMU,multimodal,72.26,100,72.26
M099,GPT-5,OpenAI,2025-08-07,Chatbot Arena ELO,human_eval,1477.42,1500,98.49
M100,o5,OpenAI,2025-11-15,MMLU,knowledge,95.0,100,95.0
M100,o5,OpenAI,2025-11-15,MMLU-Pro,knowledge_hard,88.1,100,88.1
M100,o5,OpenAI,2025-11-15,HumanEval,coding,97.25,100,97.25
M100,o5,OpenAI,2025-11-15,GSM8K,math_grade,99.0,100,99.0
M100,o5,OpenAI,2025-11-15,MATH,math_competition,97.64,100,97.64
M100,o5,OpenAI,2025-11-15,AIME 2024,math_olympiad,95.02,100,95.02
M100,o5,OpenAI,2025-11-15,GPQA Diamond,science_phd,89.88,100,89.88
M100,o5,OpenAI,2025-11-15,HellaSwag,commonsense,93.98,100,93.98
M100,o5,OpenAI,2025-11-15,ARC-Challenge,reasoning,88.0,100,88.0
M100,o5,OpenAI,2025-11-15,TruthfulQA,truthfulness,69.28,100,69.28
M100,o5,OpenAI,2025-11-15,BBH,reasoning_hard,91.04,100,91.04
M100,o5,OpenAI,2025-11-15,SWE-Bench Verified,coding_agentic,63.45,100,63.45
M100,o5,OpenAI,2025-11-15,LiveCodeBench,coding_live,72.37,100,72.37
M100,o5,OpenAI,2025-11-15,MMMU,multimodal,73.46,100,73.46
M100,o5,OpenAI,2025-11-15,Chatbot Arena ELO,human_eval,1461.76,1500,97.45
M101,LLaMA 4.5,Meta,2025-10-20,MMLU,knowledge,95.0,100,95.0
M101,LLaMA 4.5,Meta,2025-10-20,MMLU-Pro,knowledge_hard,74.46,100,74.46
M101,LLaMA 4.5,Meta,2025-10-20,HumanEval,coding,97.85,100,97.85
M101,LLaMA 4.5,Meta,2025-10-20,GSM8K,math_grade,96.82,100,96.82
M101,LLaMA 4.5,Meta,2025-10-20,MATH,math_competition,85.75,100,85.75
M101,LLaMA 4.5,Meta,2025-10-20,AIME 2024,math_olympiad,78.49,100,78.49
M101,LLaMA 4.5,Meta,2025-10-20,GPQA Diamond,science_phd,75.44,100,75.44
M101,LLaMA 4.5,Meta,2025-10-20,HellaSwag,commonsense,97.45,100,97.45
M101,LLaMA 4.5,Meta,2025-10-20,ARC-Challenge,reasoning,98.42,100,98.42
M101,LLaMA 4.5,Meta,2025-10-20,TruthfulQA,truthfulness,59.75,100,59.75
M101,LLaMA 4.5,Meta,2025-10-20,BBH,reasoning_hard,82.75,100,82.75
M101,LLaMA 4.5,Meta,2025-10-20,SWE-Bench Verified,coding_agentic,49.06,100,49.06
M101,LLaMA 4.5,Meta,2025-10-20,LiveCodeBench,coding_live,63.18,100,63.18
M101,LLaMA 4.5,Meta,2025-10-20,MMMU,multimodal,73.98,100,73.98
M101,LLaMA 4.5,Meta,2025-10-20,Chatbot Arena ELO,human_eval,1349.3,1500,89.95
M102,Qwen 3 (200B),Alibaba,2025-11-12,MMLU,knowledge,91.55,100,91.55
M102,Qwen 3 (200B),Alibaba,2025-11-12,MMLU-Pro,knowledge_hard,71.32,100,71.32
M102,Qwen 3 (200B),Alibaba,2025-11-12,HumanEval,coding,99.0,100,99.0
M102,Qwen 3 (200B),Alibaba,2025-11-12,GSM8K,math_grade,99.0,100,99.0
M102,Qwen 3 (200B),Alibaba,2025-11-12,MATH,math_competition,86.35,100,86.35
M102,Qwen 3 (200B),Alibaba,2025-11-12,AIME 2024,math_olympiad,73.18,100,73.18
M102,Qwen 3 (200B),Alibaba,2025-11-12,GPQA Diamond,science_phd,70.4,100,70.4
M102,Qwen 3 (200B),Alibaba,2025-11-12,HellaSwag,commonsense,93.64,100,93.64
M102,Qwen 3 (200B),Alibaba,2025-11-12,ARC-Challenge,reasoning,93.65,100,93.65
M102,Qwen 3 (200B),Alibaba,2025-11-12,TruthfulQA,truthfulness,67.01,100,67.01
M102,Qwen 3 (200B),Alibaba,2025-11-12,BBH,reasoning_hard,86.75,100,86.75
M102,Qwen 3 (200B),Alibaba,2025-11-12,SWE-Bench Verified,coding_agentic,47.0,100,47.0
M102,Qwen 3 (200B),Alibaba,2025-11-12,LiveCodeBench,coding_live,61.19,100,61.19
M102,Qwen 3 (200B),Alibaba,2025-11-12,MMMU,multimodal,75.59,100,75.59
M102,Qwen 3 (200B),Alibaba,2025-11-12,Chatbot Arena ELO,human_eval,1405.5,1500,93.7
M103,Claude Opus 4.6,Anthropic,2026-02-01,MMLU,knowledge,95.0,100,95.0
M103,Claude Opus 4.6,Anthropic,2026-02-01,MMLU-Pro,knowledge_hard,85.66,100,85.66
M103,Claude Opus 4.6,Anthropic,2026-02-01,HumanEval,coding,99.0,100,99.0
M103,Claude Opus 4.6,Anthropic,2026-02-01,GSM8K,math_grade,97.6,100,97.6
M103,Claude Opus 4.6,Anthropic,2026-02-01,MATH,math_competition,98.0,100,98.0
M103,Claude Opus 4.6,Anthropic,2026-02-01,AIME 2024,math_olympiad,98.0,100,98.0
M103,Claude Opus 4.6,Anthropic,2026-02-01,GPQA Diamond,science_phd,84.49,100,84.49
M103,Claude Opus 4.6,Anthropic,2026-02-01,HellaSwag,commonsense,97.68,100,97.68
M103,Claude Opus 4.6,Anthropic,2026-02-01,ARC-Challenge,reasoning,95.1,100,95.1
M103,Claude Opus 4.6,Anthropic,2026-02-01,TruthfulQA,truthfulness,75.06,100,75.06
M103,Claude Opus 4.6,Anthropic,2026-02-01,BBH,reasoning_hard,90.58,100,90.58
M103,Claude Opus 4.6,Anthropic,2026-02-01,SWE-Bench Verified,coding_agentic,82.66,100,82.66
M103,Claude Opus 4.6,Anthropic,2026-02-01,LiveCodeBench,coding_live,85.04,100,85.04
M103,Claude Opus 4.6,Anthropic,2026-02-01,MMMU,multimodal,78.97,100,78.97
M103,Claude Opus 4.6,Anthropic,2026-02-01,Chatbot Arena ELO,human_eval,1490.63,1500,99.38
M104,Claude Sonnet 4.6,Anthropic,2026-02-01,MMLU,knowledge,95.0,100,95.0
M104,Claude Sonnet 4.6,Anthropic,2026-02-01,MMLU-Pro,knowledge_hard,86.69,100,86.69
M104,Claude Sonnet 4.6,Anthropic,2026-02-01,HumanEval,coding,89.09,100,89.09
M104,Claude Sonnet 4.6,Anthropic,2026-02-01,GSM8K,math_grade,93.22,100,93.22
M104,Claude Sonnet 4.6,Anthropic,2026-02-01,MATH,math_competition,93.94,100,93.94
M104,Claude Sonnet 4.6,Anthropic,2026-02-01,AIME 2024,math_olympiad,79.71,100,79.71
M104,Claude Sonnet 4.6,Anthropic,2026-02-01,GPQA Diamond,science_phd,76.71,100,76.71
M104,Claude Sonnet 4.6,Anthropic,2026-02-01,HellaSwag,commonsense,96.93,100,96.93
M104,Claude Sonnet 4.6,Anthropic,2026-02-01,ARC-Challenge,reasoning,95.26,100,95.26
M104,Claude Sonnet 4.6,Anthropic,2026-02-01,TruthfulQA,truthfulness,71.49,100,71.49
M104,Claude Sonnet 4.6,Anthropic,2026-02-01,BBH,reasoning_hard,85.05,100,85.05
M104,Claude Sonnet 4.6,Anthropic,2026-02-01,SWE-Bench Verified,coding_agentic,66.63,100,66.63
M104,Claude Sonnet 4.6,Anthropic,2026-02-01,LiveCodeBench,coding_live,71.44,100,71.44
M104,Claude Sonnet 4.6,Anthropic,2026-02-01,MMMU,multimodal,76.48,100,76.48
M104,Claude Sonnet 4.6,Anthropic,2026-02-01,Chatbot Arena ELO,human_eval,1500.0,1500,100.0
M105,Claude Haiku 4.5,Anthropic,2026-02-01,MMLU,knowledge,95.0,100,95.0
M105,Claude Haiku 4.5,Anthropic,2026-02-01,MMLU-Pro,knowledge_hard,81.37,100,81.37
M105,Claude Haiku 4.5,Anthropic,2026-02-01,HumanEval,coding,92.04,100,92.04
M105,Claude Haiku 4.5,Anthropic,2026-02-01,GSM8K,math_grade,95.44,100,95.44
M105,Claude Haiku 4.5,Anthropic,2026-02-01,MATH,math_competition,85.15,100,85.15
M105,Claude Haiku 4.5,Anthropic,2026-02-01,AIME 2024,math_olympiad,71.74,100,71.74
M105,Claude Haiku 4.5,Anthropic,2026-02-01,GPQA Diamond,science_phd,76.49,100,76.49
M105,Claude Haiku 4.5,Anthropic,2026-02-01,HellaSwag,commonsense,93.23,100,93.23
M105,Claude Haiku 4.5,Anthropic,2026-02-01,ARC-Challenge,reasoning,87.25,100,87.25
M105,Claude Haiku 4.5,Anthropic,2026-02-01,TruthfulQA,truthfulness,66.02,100,66.02
M105,Claude Haiku 4.5,Anthropic,2026-02-01,BBH,reasoning_hard,90.97,100,90.97
M105,Claude Haiku 4.5,Anthropic,2026-02-01,SWE-Bench Verified,coding_agentic,69.78,100,69.78
M105,Claude Haiku 4.5,Anthropic,2026-02-01,LiveCodeBench,coding_live,81.45,100,81.45
M105,Claude Haiku 4.5,Anthropic,2026-02-01,MMMU,multimodal,81.64,100,81.64
M105,Claude Haiku 4.5,Anthropic,2026-02-01,Chatbot Arena ELO,human_eval,1452.02,1500,96.8
M106,GPT-5.5,OpenAI,2026-03-15,MMLU,knowledge,95.0,100,95.0
M106,GPT-5.5,OpenAI,2026-03-15,MMLU-Pro,knowledge_hard,90.0,100,90.0
M106,GPT-5.5,OpenAI,2026-03-15,HumanEval,coding,99.0,100,99.0
M106,GPT-5.5,OpenAI,2026-03-15,GSM8K,math_grade,98.27,100,98.27
M106,GPT-5.5,OpenAI,2026-03-15,MATH,math_competition,98.0,100,98.0
M106,GPT-5.5,OpenAI,2026-03-15,AIME 2024,math_olympiad,98.0,100,98.0
M106,GPT-5.5,OpenAI,2026-03-15,GPQA Diamond,science_phd,87.8,100,87.8
M106,GPT-5.5,OpenAI,2026-03-15,HellaSwag,commonsense,96.75,100,96.75
M106,GPT-5.5,OpenAI,2026-03-15,ARC-Challenge,reasoning,90.45,100,90.45
M106,GPT-5.5,OpenAI,2026-03-15,TruthfulQA,truthfulness,72.43,100,72.43
M106,GPT-5.5,OpenAI,2026-03-15,BBH,reasoning_hard,91.98,100,91.98
M106,GPT-5.5,OpenAI,2026-03-15,SWE-Bench Verified,coding_agentic,71.04,100,71.04
M106,GPT-5.5,OpenAI,2026-03-15,LiveCodeBench,coding_live,80.13,100,80.13
M106,GPT-5.5,OpenAI,2026-03-15,MMMU,multimodal,82.28,100,82.28
M106,GPT-5.5,OpenAI,2026-03-15,Chatbot Arena ELO,human_eval,1495.7,1500,99.71
M107,Gemini 3.5 Pro,Google,2026-04-10,MMLU,knowledge,95.0,100,95.0
M107,Gemini 3.5 Pro,Google,2026-04-10,MMLU-Pro,knowledge_hard,90.0,100,90.0
M107,Gemini 3.5 Pro,Google,2026-04-10,HumanEval,coding,92.99,100,92.99
M107,Gemini 3.5 Pro,Google,2026-04-10,GSM8K,math_grade,99.0,100,99.0
M107,Gemini 3.5 Pro,Google,2026-04-10,MATH,math_competition,95.88,100,95.88
M107,Gemini 3.5 Pro,Google,2026-04-10,AIME 2024,math_olympiad,98.0,100,98.0
M107,Gemini 3.5 Pro,Google,2026-04-10,GPQA Diamond,science_phd,90.27,100,90.27
M107,Gemini 3.5 Pro,Google,2026-04-10,HellaSwag,commonsense,97.53,100,97.53
M107,Gemini 3.5 Pro,Google,2026-04-10,ARC-Challenge,reasoning,88.58,100,88.58
M107,Gemini 3.5 Pro,Google,2026-04-10,TruthfulQA,truthfulness,71.14,100,71.14
M107,Gemini 3.5 Pro,Google,2026-04-10,BBH,reasoning_hard,86.32,100,86.32
M107,Gemini 3.5 Pro,Google,2026-04-10,SWE-Bench Verified,coding_agentic,79.84,100,79.84
M107,Gemini 3.5 Pro,Google,2026-04-10,LiveCodeBench,coding_live,87.58,100,87.58
M107,Gemini 3.5 Pro,Google,2026-04-10,MMMU,multimodal,76.81,100,76.81
M107,Gemini 3.5 Pro,Google,2026-04-10,Chatbot Arena ELO,human_eval,1477.61,1500,98.51
M108,Grok-5,xAI,2026-03-01,MMLU,knowledge,95.0,100,95.0
M108,Grok-5,xAI,2026-03-01,MMLU-Pro,knowledge_hard,88.11,100,88.11
M108,Grok-5,xAI,2026-03-01,HumanEval,coding,99.0,100,99.0
M108,Grok-5,xAI,2026-03-01,GSM8K,math_grade,99.0,100,99.0
M108,Grok-5,xAI,2026-03-01,MATH,math_competition,98.0,100,98.0
M108,Grok-5,xAI,2026-03-01,AIME 2024,math_olympiad,98.0,100,98.0
M108,Grok-5,xAI,2026-03-01,GPQA Diamond,science_phd,92.0,100,92.0
M108,Grok-5,xAI,2026-03-01,HellaSwag,commonsense,98.0,100,98.0
M108,Grok-5,xAI,2026-03-01,ARC-Challenge,reasoning,96.39,100,96.39
M108,Grok-5,xAI,2026-03-01,TruthfulQA,truthfulness,69.76,100,69.76
M108,Grok-5,xAI,2026-03-01,BBH,reasoning_hard,90.85,100,90.85
M108,Grok-5,xAI,2026-03-01,SWE-Bench Verified,coding_agentic,74.42,100,74.42
M108,Grok-5,xAI,2026-03-01,LiveCodeBench,coding_live,75.82,100,75.82
M108,Grok-5,xAI,2026-03-01,MMMU,multimodal,82.65,100,82.65
M108,Grok-5,xAI,2026-03-01,Chatbot Arena ELO,human_eval,1489.51,1500,99.3
M109,DeepSeek V4,DeepSeek,2026-04-22,MMLU,knowledge,95.0,100,95.0
M109,DeepSeek V4,DeepSeek,2026-04-22,MMLU-Pro,knowledge_hard,90.0,100,90.0
M109,DeepSeek V4,DeepSeek,2026-04-22,HumanEval,coding,99.0,100,99.0
M109,DeepSeek V4,DeepSeek,2026-04-22,GSM8K,math_grade,98.88,100,98.88
M109,DeepSeek V4,DeepSeek,2026-04-22,MATH,math_competition,98.0,100,98.0
M109,DeepSeek V4,DeepSeek,2026-04-22,AIME 2024,math_olympiad,98.0,100,98.0
M109,DeepSeek V4,DeepSeek,2026-04-22,GPQA Diamond,science_phd,90.09,100,90.09
M109,DeepSeek V4,DeepSeek,2026-04-22,HellaSwag,commonsense,97.19,100,97.19
M109,DeepSeek V4,DeepSeek,2026-04-22,ARC-Challenge,reasoning,98.86,100,98.86
M109,DeepSeek V4,DeepSeek,2026-04-22,TruthfulQA,truthfulness,73.82,100,73.82
M109,DeepSeek V4,DeepSeek,2026-04-22,BBH,reasoning_hard,90.35,100,90.35
M109,DeepSeek V4,DeepSeek,2026-04-22,SWE-Bench Verified,coding_agentic,80.97,100,80.97
M109,DeepSeek V4,DeepSeek,2026-04-22,LiveCodeBench,coding_live,69.15,100,69.15
M109,DeepSeek V4,DeepSeek,2026-04-22,MMMU,multimodal,71.94,100,71.94
M109,DeepSeek V4,DeepSeek,2026-04-22,Chatbot Arena ELO,human_eval,1492.82,1500,99.52
M110,LLaMA 5 (250B),Meta,2026-04-30,MMLU,knowledge,95.0,100,95.0
M110,LLaMA 5 (250B),Meta,2026-04-30,MMLU-Pro,knowledge_hard,80.95,100,80.95
M110,LLaMA 5 (250B),Meta,2026-04-30,HumanEval,coding,88.69,100,88.69
M110,LLaMA 5 (250B),Meta,2026-04-30,GSM8K,math_grade,95.93,100,95.93
M110,LLaMA 5 (250B),Meta,2026-04-30,MATH,math_competition,96.01,100,96.01
M110,LLaMA 5 (250B),Meta,2026-04-30,AIME 2024,math_olympiad,89.12,100,89.12
M110,LLaMA 5 (250B),Meta,2026-04-30,GPQA Diamond,science_phd,82.68,100,82.68
M110,LLaMA 5 (250B),Meta,2026-04-30,HellaSwag,commonsense,96.72,100,96.72
M110,LLaMA 5 (250B),Meta,2026-04-30,ARC-Challenge,reasoning,92.82,100,92.82
M110,LLaMA 5 (250B),Meta,2026-04-30,TruthfulQA,truthfulness,61.35,100,61.35
M110,LLaMA 5 (250B),Meta,2026-04-30,BBH,reasoning_hard,87.77,100,87.77
M110,LLaMA 5 (250B),Meta,2026-04-30,SWE-Bench Verified,coding_agentic,74.23,100,74.23
M110,LLaMA 5 (250B),Meta,2026-04-30,LiveCodeBench,coding_live,67.12,100,67.12
M110,LLaMA 5 (250B),Meta,2026-04-30,MMMU,multimodal,77.35,100,77.35
M110,LLaMA 5 (250B),Meta,2026-04-30,Chatbot Arena ELO,human_eval,1401.25,1500,93.42
M111,Claude Opus 4.7,Anthropic,2026-05-15,MMLU,knowledge,95.0,100,95.0
M111,Claude Opus 4.7,Anthropic,2026-05-15,MMLU-Pro,knowledge_hard,89.95,100,89.95
M111,Claude Opus 4.7,Anthropic,2026-05-15,HumanEval,coding,88.66,100,88.66
M111,Claude Opus 4.7,Anthropic,2026-05-15,GSM8K,math_grade,99.0,100,99.0
M111,Claude Opus 4.7,Anthropic,2026-05-15,MATH,math_competition,98.0,100,98.0
M111,Claude Opus 4.7,Anthropic,2026-05-15,AIME 2024,math_olympiad,98.0,100,98.0
M111,Claude Opus 4.7,Anthropic,2026-05-15,GPQA Diamond,science_phd,80.08,100,80.08
M111,Claude Opus 4.7,Anthropic,2026-05-15,HellaSwag,commonsense,96.4,100,96.4
M111,Claude Opus 4.7,Anthropic,2026-05-15,ARC-Challenge,reasoning,97.7,100,97.7
M111,Claude Opus 4.7,Anthropic,2026-05-15,TruthfulQA,truthfulness,58.11,100,58.11
M111,Claude Opus 4.7,Anthropic,2026-05-15,BBH,reasoning_hard,89.96,100,89.96
M111,Claude Opus 4.7,Anthropic,2026-05-15,SWE-Bench Verified,coding_agentic,69.1,100,69.1
M111,Claude Opus 4.7,Anthropic,2026-05-15,LiveCodeBench,coding_live,84.02,100,84.02
M111,Claude Opus 4.7,Anthropic,2026-05-15,MMMU,multimodal,77.3,100,77.3
M111,Claude Opus 4.7,Anthropic,2026-05-15,Chatbot Arena ELO,human_eval,1481.06,1500,98.74
M112,Qwen 3.5 Max,Alibaba,2026-03-20,MMLU,knowledge,95.0,100,95.0
M112,Qwen 3.5 Max,Alibaba,2026-03-20,MMLU-Pro,knowledge_hard,86.61,100,86.61
M112,Qwen 3.5 Max,Alibaba,2026-03-20,HumanEval,coding,93.19,100,93.19
M112,Qwen 3.5 Max,Alibaba,2026-03-20,GSM8K,math_grade,97.13,100,97.13
M112,Qwen 3.5 Max,Alibaba,2026-03-20,MATH,math_competition,82.06,100,82.06
M112,Qwen 3.5 Max,Alibaba,2026-03-20,AIME 2024,math_olympiad,90.95,100,90.95
M112,Qwen 3.5 Max,Alibaba,2026-03-20,GPQA Diamond,science_phd,78.96,100,78.96
M112,Qwen 3.5 Max,Alibaba,2026-03-20,HellaSwag,commonsense,96.93,100,96.93
M112,Qwen 3.5 Max,Alibaba,2026-03-20,ARC-Challenge,reasoning,93.93,100,93.93
M112,Qwen 3.5 Max,Alibaba,2026-03-20,TruthfulQA,truthfulness,64.19,100,64.19
M112,Qwen 3.5 Max,Alibaba,2026-03-20,BBH,reasoning_hard,87.69,100,87.69
M112,Qwen 3.5 Max,Alibaba,2026-03-20,SWE-Bench Verified,coding_agentic,74.84,100,74.84
M112,Qwen 3.5 Max,Alibaba,2026-03-20,LiveCodeBench,coding_live,76.46,100,76.46
M112,Qwen 3.5 Max,Alibaba,2026-03-20,MMMU,multimodal,73.64,100,73.64
M113,Mistral Ultra,Mistral,2026-04-05,MMLU,knowledge,95.0,100,95.0
M113,Mistral Ultra,Mistral,2026-04-05,MMLU-Pro,knowledge_hard,90.0,100,90.0
M113,Mistral Ultra,Mistral,2026-04-05,HumanEval,coding,89.49,100,89.49
M113,Mistral Ultra,Mistral,2026-04-05,GSM8K,math_grade,96.78,100,96.78
M113,Mistral Ultra,Mistral,2026-04-05,MATH,math_competition,98.0,100,98.0
M113,Mistral Ultra,Mistral,2026-04-05,AIME 2024,math_olympiad,98.0,100,98.0
M113,Mistral Ultra,Mistral,2026-04-05,GPQA Diamond,science_phd,91.65,100,91.65
M113,Mistral Ultra,Mistral,2026-04-05,HellaSwag,commonsense,98.0,100,98.0
M113,Mistral Ultra,Mistral,2026-04-05,ARC-Challenge,reasoning,95.41,100,95.41
M113,Mistral Ultra,Mistral,2026-04-05,TruthfulQA,truthfulness,75.29,100,75.29
M113,Mistral Ultra,Mistral,2026-04-05,BBH,reasoning_hard,95.0,100,95.0
M113,Mistral Ultra,Mistral,2026-04-05,SWE-Bench Verified,coding_agentic,73.93,100,73.93
M113,Mistral Ultra,Mistral,2026-04-05,LiveCodeBench,coding_live,76.01,100,76.01
M113,Mistral Ultra,Mistral,2026-04-05,MMMU,multimodal,81.71,100,81.71
M113,Mistral Ultra,Mistral,2026-04-05,Chatbot Arena ELO,human_eval,1477.2,1500,98.48
